,Type,Process_Size,TDP,Die_Size,Transistors,Freq,Vendor,FP16_GFLOPS,FP32_GFLOPS,FP64_GFLOPS,TransistorSize,DieSize,FP16_Billions,FP32_Billions,FP64_Billions
0,GPU,14.0,25.0,132.0,3300.0,1469,NVIDIA,18.38,1177.0,36.77,Infinitesimal(1200-3300nm),Least Useable Space,10-600,150-1500,1-80
1,GPU,28.0,15.0,125.0,1200.0,200,AMD,737.3,737.3,368.6,Infinitesimal(1200-3300nm),Least Useable Space,600-2500,150-1500,250-500
2,GPU,20.0,10.0,118.0,2000.0,640,NVIDIA,471.6,235.8,7.368,Infinitesimal(1200-3300nm),Least Useable Space,10-600,150-1500,1-80
3,GPU,14.0,150.0,232.0,5700.0,1074,AMD,4394.0,4394.0,274.6,Microminiature(5000-7200nm),Considerabel Useable Space,2500-6000,3000-5700,250-500
4,GPU,16.0,250.0,471.0,11800.0,1557,NVIDIA,167.0,10690.0,334.0,Microscopic(7200-28300nm),Most Useable Space,10-600,5700-30000,250-500
5,GPU,12.0,25.0,200.0,4700.0,720,NVIDIA,3333.0,1667.0,52.08,Approaching Subatomic(3300-5000nm),Some Useable Space,2500-6000,1500-3000,1-80
6,GPU,16.0,250.0,471.0,11800.0,1303,NVIDIA,183.7,11760.0,367.4,Microscopic(7200-28300nm),Most Useable Space,10-600,5700-30000,250-500
7,GPU,14.0,25.0,74.0,1800.0,1469,NVIDIA,18.38,1177.0,36.77,Infinitesimal(1200-3300nm),Least Useable Space,10-600,150-1500,1-80
8,GPU,7.0,85.0,158.0,6400.0,1000,AMD,8448.0,4224.0,264.0,Microminiature(5000-7200nm),Some Useable Space,6000-65000,3000-5700,250-500
9,GPU,16.0,75.0,314.0,7200.0,1328,NVIDIA,86.41,5530.0,172.8,Microminiature(5000-7200nm),Considerabel Useable Space,10-600,3000-5700,140-250
10,GPU,14.0,150.0,232.0,5700.0,1120,AMD,5834.0,5834.0,364.6,Microminiature(5000-7200nm),Considerabel Useable Space,2500-6000,5700-30000,250-500
11,GPU,14.0,50.0,103.0,2200.0,1100,AMD,1647.0,1647.0,103.0,Infinitesimal(1200-3300nm),Least Useable Space,600-2500,1500-3000,80-140
12,GPU,12.0,50.0,200.0,4700.0,1395,NVIDIA,5215.0,2607.0,81.48,Approaching Subatomic(3300-5000nm),Some Useable Space,2500-6000,1500-3000,80-140
13,GPU,14.0,150.0,232.0,5700.0,1168,AMD,5095.0,5095.0,318.5,Microminiature(5000-7200nm),Considerabel Useable Space,2500-6000,3000-5700,250-500
14,GPU,16.0,75.0,200.0,4400.0,1493,NVIDIA,38.88,2488.0,77.76,Approaching Subatomic(3300-5000nm),Some Useable Space,10-600,1500-3000,1-80
15,GPU,12.0,80.0,545.0,13600.0,780,NVIDIA,14130.0,7066.0,220.8,Microscopic(7200-28300nm),Most Useable Space,6000-65000,5700-30000,140-250
16,GPU,28.0,15.0,125.0,1200.0,200,AMD,553.0,553.0,276.5,Infinitesimal(1200-3300nm),Least Useable Space,10-600,150-1500,250-500
17,GPU,12.0,60.0,445.0,10800.0,600,NVIDIA,9331.0,4666.0,145.8,Microscopic(7200-28300nm),Most Useable Space,6000-65000,3000-5700,140-250
18,GPU,16.0,120.0,314.0,7200.0,1506,NVIDIA,68.36,4375.0,136.7,Microminiature(5000-7200nm),Considerabel Useable Space,10-600,3000-5700,80-140
19,GPU,12.0,250.0,545.0,13600.0,1650,NVIDIA,22300.0,11150.0,348.5,Microscopic(7200-28300nm),Most Useable Space,6000-65000,5700-30000,250-500
20,GPU,14.0,10.0,210.0,4940.0,300,AMD,3331.0,1665.0,104.1,Approaching Subatomic(3300-5000nm),Some Useable Space,2500-6000,1500-3000,80-140
21,GPU,12.0,65.0,445.0,10800.0,975,NVIDIA,9101.0,4550.0,142.2,Microscopic(7200-28300nm),Most Useable Space,6000-65000,3000-5700,140-250
22,GPU,28.0,15.0,125.0,1200.0,200,AMD,251.5,251.5,15.72,Infinitesimal(1200-3300nm),Least Useable Space,10-600,150-1500,1-80
23,GPU,14.0,75.0,132.0,3300.0,1291,NVIDIA,33.41,2138.0,66.82,Infinitesimal(1200-3300nm),Least Useable Space,10-600,1500-3000,1-80
24,GPU,14.0,20.0,132.0,3300.0,747,NVIDIA,18.74,1199.0,37.48,Infinitesimal(1200-3300nm),Least Useable Space,10-600,150-1500,1-80
25,GPU,12.0,75.0,200.0,4700.0,1410,NVIDIA,5699.0,2849.0,89.04,Approaching Subatomic(3300-5000nm),Some Useable Space,2500-6000,1500-3000,80-140
26,GPU,7.0,85.0,158.0,6400.0,1000,AMD,8909.0,4454.0,278.4,Microminiature(5000-7200nm),Some Useable Space,6000-65000,3000-5700,250-500
27,GPU,7.0,85.0,158.0,6400.0,1000,AMD,8138.0,4069.0,254.3,Microminiature(5000-7200nm),Some Useable Space,6000-65000,3000-5700,140-250
28,GPU,12.0,50.0,284.0,6600.0,1350,NVIDIA,6083.0,3041.0,95.04,Microminiature(5000-7200nm),Considerabel Useable Space,2500-6000,3000-5700,80-140
29,GPU,14.0,20.0,132.0,3300.0,1354,NVIDIA,29.36,1879.0,58.72,Infinitesimal(1200-3300nm),Least Useable Space,10-600,1500-3000,1-80
30,GPU,14.0,35.0,210.0,4940.0,300,AMD,2255.0,1127.0,70.46,Approaching Subatomic(3300-5000nm),Some Useable Space,600-2500,150-1500,1-80
31,GPU,14.0,10.0,74.0,1800.0,1531,NVIDIA,19.13,1224.0,38.26,Infinitesimal(1200-3300nm),Least Useable Space,10-600,150-1500,1-80
32,GPU,28.0,15.0,125.0,1200.0,200,AMD,167.7,167.7,10.48,Infinitesimal(1200-3300nm),Least Useable Space,10-600,150-1500,1-80
33,GPU,14.0,15.0,210.0,4940.0,300,AMD,2253.0,1126.0,70.4,Approaching Subatomic(3300-5000nm),Some Useable Space,600-2500,150-1500,1-80
34,GPU,16.0,120.0,200.0,4400.0,1506,NVIDIA,68.36,4375.0,136.7,Approaching Subatomic(3300-5000nm),Some Useable Space,10-600,3000-5700,80-140
35,GPU,16.0,120.0,314.0,7200.0,1506,NVIDIA,68.32,4372.0,136.6,Microminiature(5000-7200nm),Considerabel Useable Space,10-600,3000-5700,80-140
36,GPU,14.0,20.0,74.0,1800.0,1152,NVIDIA,16.55,1059.0,33.1,Infinitesimal(1200-3300nm),Least Useable Space,10-600,150-1500,1-80
37,GPU,12.0,18.0,200.0,4700.0,735,NVIDIA,4785.0,2392.0,74.76,Approaching Subatomic(3300-5000nm),Some Useable Space,2500-6000,1500-3000,1-80
38,GPU,14.0,40.0,103.0,2200.0,1124,AMD,1248.0,1248.0,78.02,Infinitesimal(1200-3300nm),Least Useable Space,600-2500,150-1500,80-140
39,GPU,28.0,250.0,366.0,5000.0,723,AMD,2961.0,2961.0,185.1,Approaching Subatomic(3300-5000nm),Most Useable Space,2500-6000,1500-3000,140-250
40,GPU,14.0,15.0,210.0,4940.0,300,AMD,3942.0,1971.0,123.2,Approaching Subatomic(3300-5000nm),Some Useable Space,2500-6000,1500-3000,80-140
41,GPU,14.0,250.0,232.0,5700.0,1243,AMD,5728.0,5728.0,358.0,Microminiature(5000-7200nm),Considerabel Useable Space,2500-6000,5700-30000,250-500
42,GPU,14.0,50.0,103.0,2200.0,1100,AMD,1211.0,1211.0,75.71,Infinitesimal(1200-3300nm),Least Useable Space,600-2500,150-1500,1-80
43,GPU,16.0,150.0,314.0,7200.0,1290,NVIDIA,117.4,7516.0,234.9,Microminiature(5000-7200nm),Considerabel Useable Space,10-600,5700-30000,140-250
44,GPU,14.0,55.0,123.0,3000.0,1000,AMD,1887.0,1887.0,117.9,Infinitesimal(1200-3300nm),Least Useable Space,600-2500,1500-3000,80-140
45,GPU,12.0,115.0,445.0,10800.0,960,NVIDIA,9216.0,4608.0,144.0,Microscopic(7200-28300nm),Most Useable Space,6000-65000,3000-5700,140-250
46,GPU,14.0,95.0,232.0,5700.0,1120,AMD,5834.0,5834.0,364.6,Microminiature(5000-7200nm),Considerabel Useable Space,2500-6000,5700-30000,250-500
47,GPU,16.0,180.0,314.0,7200.0,1607,NVIDIA,138.6,8873.0,277.3,Microminiature(5000-7200nm),Considerabel Useable Space,10-600,5700-30000,250-500
48,GPU,16.0,75.0,314.0,7200.0,1088,NVIDIA,48.6,3110.0,97.2,Microminiature(5000-7200nm),Considerabel Useable Space,10-600,3000-5700,80-140
49,GPU,8.0,115.0,392.0,17400.0,1110,NVIDIA,15970.0,15970.0,249.6,Microscopic(7200-28300nm),Most Useable Space,6000-65000,5700-30000,140-250
50,GPU,16.0,250.0,471.0,11800.0,1417,NVIDIA,171.5,10970.0,342.9,Microscopic(7200-28300nm),Most Useable Space,10-600,5700-30000,250-500
51,GPU,16.0,75.0,200.0,4400.0,1354,NVIDIA,36.74,2352.0,73.49,Approaching Subatomic(3300-5000nm),Some Useable Space,10-600,1500-3000,1-80
52,GPU,28.0,100.0,366.0,5000.0,725,AMD,2970.0,2970.0,185.6,Approaching Subatomic(3300-5000nm),Most Useable Space,2500-6000,1500-3000,140-250
53,GPU,12.0,150.0,545.0,13600.0,1365,NVIDIA,19170.0,9585.0,299.5,Microscopic(7200-28300nm),Most Useable Space,6000-65000,5700-30000,250-500
54,GPU,20.0,15.0,118.0,2000.0,1000,NVIDIA,1024.0,512.0,16.0,Infinitesimal(1200-3300nm),Least Useable Space,600-2500,150-1500,1-80
55,GPU,14.0,30.0,74.0,1800.0,1228,NVIDIA,17.62,1127.0,35.23,Infinitesimal(1200-3300nm),Least Useable Space,10-600,150-1500,1-80
56,GPU,14.0,55.0,123.0,3000.0,1000,AMD,2115.0,2115.0,132.2,Infinitesimal(1200-3300nm),Least Useable Space,600-2500,1500-3000,80-140
57,GPU,7.0,45.0,156.0,9800.0,300,AMD,4096.0,2048.0,128.0,Microscopic(7200-28300nm),Some Useable Space,2500-6000,1500-3000,80-140
58,GPU,12.0,160.0,445.0,10800.0,1365,NVIDIA,12900.0,6451.0,201.6,Microscopic(7200-28300nm),Most Useable Space,6000-65000,5700-30000,140-250
59,GPU,14.0,35.0,123.0,3000.0,800,AMD,1024.0,1024.0,64.0,Infinitesimal(1200-3300nm),Least Useable Space,600-2500,150-1500,1-80
60,GPU,7.0,15.0,156.0,9800.0,400,AMD,2304.0,1152.0,72.0,Microscopic(7200-28300nm),Some Useable Space,600-2500,150-1500,1-80
61,GPU,14.0,30.0,132.0,3300.0,1228,NVIDIA,10.02,641.0,20.03,Infinitesimal(1200-3300nm),Least Useable Space,10-600,150-1500,1-80
62,GPU,14.0,35.0,103.0,2200.0,1124,AMD,1248.0,1248.0,78.02,Infinitesimal(1200-3300nm),Least Useable Space,600-2500,150-1500,80-140
63,GPU,12.0,70.0,545.0,13600.0,585,NVIDIA,65130.0,8141.0,254.4,Microscopic(7200-28300nm),Most Useable Space,6000-65000,5700-30000,250-500
64,GPU,28.0,15.0,125.0,1200.0,200,AMD,153.6,153.6,9.6,Infinitesimal(1200-3300nm),Least Useable Space,10-600,150-1500,1-80
65,GPU,14.0,50.0,103.0,2200.0,980,AMD,1071.0,1071.0,66.94,Infinitesimal(1200-3300nm),Least Useable Space,600-2500,150-1500,1-80
66,GPU,28.0,190.0,366.0,5000.0,918,AMD,3290.0,3290.0,205.6,Approaching Subatomic(3300-5000nm),Most Useable Space,2500-6000,3000-5700,140-250
67,GPU,14.0,50.0,103.0,2200.0,1082,AMD,1559.0,1559.0,97.44,Infinitesimal(1200-3300nm),Least Useable Space,600-2500,1500-3000,80-140
68,GPU,28.0,250.0,366.0,5000.0,723,AMD,2961.0,2961.0,185.1,Approaching Subatomic(3300-5000nm),Most Useable Space,2500-6000,1500-3000,140-250
69,GPU,12.0,80.0,445.0,10800.0,945,NVIDIA,10600.0,5299.0,165.6,Microscopic(7200-28300nm),Most Useable Space,6000-65000,3000-5700,140-250
70,GPU,12.0,260.0,754.0,18600.0,1305,NVIDIA,28750.0,14380.0,449.3,Microscopic(7200-28300nm),Most Useable Space,6000-65000,5700-30000,250-500
71,GPU,14.0,55.0,123.0,3000.0,784,AMD,1849.0,1849.0,115.6,Infinitesimal(1200-3300nm),Least Useable Space,600-2500,1500-3000,80-140
72,GPU,12.0,230.0,545.0,13600.0,1620,NVIDIA,22300.0,11150.0,348.5,Microscopic(7200-28300nm),Most Useable Space,6000-65000,5700-30000,250-500
73,GPU,16.0,120.0,200.0,4400.0,1506,NVIDIA,61.49,3935.0,123.0,Approaching Subatomic(3300-5000nm),Some Useable Space,10-600,3000-5700,80-140
74,GPU,16.0,120.0,200.0,4400.0,1506,NVIDIA,68.36,4375.0,136.7,Approaching Subatomic(3300-5000nm),Some Useable Space,10-600,3000-5700,80-140
75,GPU,28.0,250.0,366.0,5000.0,909,AMD,3723.0,3723.0,232.7,Approaching Subatomic(3300-5000nm),Most Useable Space,2500-6000,3000-5700,140-250
76,GPU,16.0,75.0,200.0,4400.0,1291,NVIDIA,46.48,2974.0,92.95,Approaching Subatomic(3300-5000nm),Some Useable Space,10-600,1500-3000,80-140
77,GPU,12.0,260.0,754.0,18600.0,1065,NVIDIA,25710.0,12860.0,401.8,Microscopic(7200-28300nm),Most Useable Space,6000-65000,5700-30000,250-500
78,GPU,28.0,150.0,366.0,5000.0,920,AMD,3297.0,3297.0,206.1,Approaching Subatomic(3300-5000nm),Most Useable Space,2500-6000,3000-5700,140-250
79,GPU,28.0,95.0,366.0,5000.0,735,AMD,4096.0,4096.0,256.0,Approaching Subatomic(3300-5000nm),Most Useable Space,2500-6000,3000-5700,250-500
80,GPU,16.0,180.0,314.0,7200.0,1607,NVIDIA,127.9,8186.0,255.8,Microminiature(5000-7200nm),Considerabel Useable Space,10-600,5700-30000,250-500
81,GPU,14.0,75.0,123.0,3000.0,907,AMD,1393.0,1393.0,87.07,Infinitesimal(1200-3300nm),Least Useable Space,600-2500,150-1500,80-140
82,GPU,16.0,100.0,314.0,7200.0,1316,NVIDIA,125.5,8033.0,251.0,Microminiature(5000-7200nm),Considerabel Useable Space,10-600,5700-30000,140-250
83,GPU,14.0,15.0,210.0,4940.0,300,AMD,768.8,384.4,24.02,Approaching Subatomic(3300-5000nm),Some Useable Space,600-2500,150-1500,1-80
84,GPU,14.0,65.0,210.0,4940.0,300,AMD,2253.0,1126.0,70.4,Approaching Subatomic(3300-5000nm),Some Useable Space,600-2500,150-1500,1-80
85,GPU,14.0,25.0,74.0,1800.0,1519,NVIDIA,18.98,1215.0,37.97,Infinitesimal(1200-3300nm),Least Useable Space,10-600,150-1500,1-80
86,GPU,14.0,35.0,210.0,4940.0,300,AMD,3664.0,1832.0,114.5,Approaching Subatomic(3300-5000nm),Some Useable Space,2500-6000,1500-3000,80-140
87,GPU,8.0,200.0,392.0,17400.0,1575,NVIDIA,21750.0,21750.0,339.8,Microscopic(7200-28300nm),Most Useable Space,6000-65000,5700-30000,250-500
88,GPU,12.0,90.0,545.0,13600.0,735,NVIDIA,12890.0,6447.0,201.5,Microscopic(7200-28300nm),Most Useable Space,6000-65000,5700-30000,140-250
89,GPU,7.0,130.0,251.0,10300.0,1243,AMD,15350.0,7675.0,479.7,Microscopic(7200-28300nm),Considerabel Useable Space,6000-65000,5700-30000,250-500
90,GPU,12.0,160.0,545.0,13600.0,1005,NVIDIA,14240.0,7119.0,222.5,Microscopic(7200-28300nm),Most Useable Space,6000-65000,5700-30000,140-250
91,GPU,16.0,15.0,100.0,2000.0,384,NVIDIA,786.4,393.2,12.29,Infinitesimal(1200-3300nm),Least Useable Space,600-2500,150-1500,1-80
92,GPU,14.0,45.0,123.0,3000.0,1090,AMD,2106.0,2106.0,131.6,Infinitesimal(1200-3300nm),Least Useable Space,600-2500,1500-3000,80-140
93,GPU,7.0,130.0,251.0,10300.0,1243,AMD,12440.0,6221.0,388.8,Microscopic(7200-28300nm),Considerabel Useable Space,6000-65000,5700-30000,250-500
94,GPU,14.0,65.0,210.0,4940.0,300,AMD,3492.0,1746.0,109.1,Approaching Subatomic(3300-5000nm),Some Useable Space,2500-6000,1500-3000,80-140
95,GPU,14.0,50.0,123.0,3000.0,1019,AMD,1097.0,1097.0,68.54,Infinitesimal(1200-3300nm),Least Useable Space,600-2500,150-1500,1-80
96,GPU,16.0,180.0,314.0,7200.0,1607,NVIDIA,138.6,8873.0,277.3,Microminiature(5000-7200nm),Considerabel Useable Space,10-600,5700-30000,250-500
97,GPU,14.0,130.0,232.0,5700.0,1188,AMD,5728.0,5728.0,358.0,Microminiature(5000-7200nm),Considerabel Useable Space,2500-6000,5700-30000,250-500
98,GPU,16.0,180.0,314.0,7200.0,1607,NVIDIA,138.6,8873.0,277.3,Microminiature(5000-7200nm),Considerabel Useable Space,10-600,5700-30000,250-500
99,GPU,7.0,85.0,158.0,6400.0,1000,AMD,6400.0,3200.0,200.0,Microminiature(5000-7200nm),Some Useable Space,6000-65000,3000-5700,140-250
100,GPU,14.0,50.0,123.0,3000.0,1002,AMD,1887.0,1887.0,117.9,Infinitesimal(1200-3300nm),Least Useable Space,600-2500,1500-3000,80-140
101,GPU,14.0,10.0,74.0,1800.0,937,NVIDIA,12.46,797.2,24.91,Infinitesimal(1200-3300nm),Least Useable Space,10-600,150-1500,1-80
102,GPU,7.0,15.0,156.0,9800.0,400,AMD,3584.0,1792.0,112.0,Microscopic(7200-28300nm),Some Useable Space,2500-6000,1500-3000,80-140
103,GPU,14.0,185.0,232.0,5700.0,1100,AMD,5530.0,5530.0,345.6,Microminiature(5000-7200nm),Considerabel Useable Space,2500-6000,3000-5700,250-500
104,GPU,14.0,85.0,232.0,5700.0,926,AMD,4399.0,4399.0,274.9,Microminiature(5000-7200nm),Considerabel Useable Space,2500-6000,3000-5700,250-500
105,GPU,14.0,40.0,132.0,3300.0,1177,NVIDIA,23.09,1478.0,46.18,Infinitesimal(1200-3300nm),Least Useable Space,10-600,1500-3000,1-80
106,GPU,14.0,80.0,123.0,3000.0,1090,AMD,2150.0,2150.0,134.4,Infinitesimal(1200-3300nm),Least Useable Space,600-2500,1500-3000,80-140
107,GPU,12.0,260.0,754.0,18600.0,1065,NVIDIA,25710.0,12860.0,401.8,Microscopic(7200-28300nm),Most Useable Space,6000-65000,5700-30000,250-500
108,GPU,14.0,75.0,132.0,3300.0,1354,NVIDIA,29.86,1911.0,59.72,Infinitesimal(1200-3300nm),Least Useable Space,10-600,1500-3000,1-80
109,GPU,8.0,80.0,392.0,17400.0,780,NVIDIA,15300.0,15300.0,239.0,Microscopic(7200-28300nm),Most Useable Space,6000-65000,5700-30000,140-250
110,GPU,12.0,50.0,200.0,4700.0,930,NVIDIA,4608.0,2304.0,72.0,Approaching Subatomic(3300-5000nm),Some Useable Space,2500-6000,1500-3000,1-80
111,GPU,12.0,90.0,445.0,10800.0,885,NVIDIA,10920.0,5460.0,170.6,Microscopic(7200-28300nm),Most Useable Space,6000-65000,3000-5700,140-250
112,GPU,14.0,50.0,103.0,2200.0,1019,AMD,1371.0,1371.0,85.68,Infinitesimal(1200-3300nm),Least Useable Space,600-2500,150-1500,80-140
113,GPU,14.0,50.0,103.0,2200.0,1124,AMD,1248.0,1248.0,78.02,Infinitesimal(1200-3300nm),Least Useable Space,600-2500,150-1500,80-140
114,GPU,7.0,125.0,158.0,6400.0,1187,AMD,10800.0,5398.0,337.3,Microminiature(5000-7200nm),Some Useable Space,6000-65000,3000-5700,250-500
115,GPU,14.0,100.0,232.0,5700.0,1000,AMD,4963.0,4963.0,310.2,Microminiature(5000-7200nm),Considerabel Useable Space,2500-6000,3000-5700,250-500
116,GPU,12.0,175.0,445.0,10800.0,1410,NVIDIA,14930.0,7465.0,233.3,Microscopic(7200-28300nm),Most Useable Space,6000-65000,5700-30000,140-250
117,GPU,14.0,50.0,103.0,2200.0,1100,AMD,1211.0,1211.0,75.71,Infinitesimal(1200-3300nm),Least Useable Space,600-2500,150-1500,1-80
118,GPU,14.0,75.0,123.0,3000.0,1090,AMD,2458.0,2458.0,153.6,Infinitesimal(1200-3300nm),Least Useable Space,600-2500,1500-3000,140-250
119,GPU,16.0,100.0,314.0,7200.0,1227,NVIDIA,118.6,7589.0,237.2,Microminiature(5000-7200nm),Considerabel Useable Space,10-600,5700-30000,140-250
120,GPU,8.0,115.0,392.0,17400.0,1110,NVIDIA,18980.0,18980.0,296.6,Microscopic(7200-28300nm),Most Useable Space,6000-65000,5700-30000,250-500
121,GPU,16.0,250.0,471.0,11800.0,1582,NVIDIA,168.3,10770.0,336.6,Microscopic(7200-28300nm),Most Useable Space,10-600,5700-30000,250-500
122,GPU,14.0,65.0,208.0,5000.0,931,AMD,2588.0,2588.0,161.8,Approaching Subatomic(3300-5000nm),Some Useable Space,2500-6000,1500-3000,140-250
123,GPU,14.0,185.0,232.0,5700.0,1100,AMD,5530.0,5530.0,345.6,Microminiature(5000-7200nm),Considerabel Useable Space,2500-6000,3000-5700,250-500
124,GPU,7.0,100.0,158.0,6400.0,1327,AMD,9265.0,4632.0,289.5,Microminiature(5000-7200nm),Some Useable Space,6000-65000,3000-5700,250-500
125,GPU,16.0,100.0,314.0,7200.0,1278,NVIDIA,101.2,6480.0,202.5,Microminiature(5000-7200nm),Considerabel Useable Space,10-600,5700-30000,140-250
126,GPU,14.0,40.0,132.0,3300.0,1303,NVIDIA,24.3,1555.0,48.61,Infinitesimal(1200-3300nm),Least Useable Space,10-600,1500-3000,1-80
127,GPU,12.0,115.0,445.0,10800.0,1215,NVIDIA,13270.0,6636.0,207.4,Microscopic(7200-28300nm),Most Useable Space,6000-65000,5700-30000,140-250
128,GPU,12.0,31.0,200.0,4700.0,1395,NVIDIA,5645.0,2822.0,88.2,Approaching Subatomic(3300-5000nm),Some Useable Space,2500-6000,1500-3000,80-140
129,GPU,14.0,15.0,210.0,4940.0,300,AMD,844.8,422.4,26.4,Approaching Subatomic(3300-5000nm),Some Useable Space,600-2500,150-1500,1-80
130,GPU,12.0,80.0,545.0,13600.0,735,NVIDIA,11980.0,5990.0,187.2,Microscopic(7200-28300nm),Most Useable Space,6000-65000,5700-30000,140-250
131,GPU,14.0,185.0,232.0,5700.0,1257,AMD,6129.0,6129.0,383.0,Microminiature(5000-7200nm),Considerabel Useable Space,2500-6000,5700-30000,250-500
132,GPU,12.0,60.0,200.0,4700.0,1575,NVIDIA,7311.0,3656.0,114.2,Approaching Subatomic(3300-5000nm),Some Useable Space,6000-65000,3000-5700,80-140
133,GPU,14.0,150.0,232.0,5700.0,1168,AMD,5095.0,5095.0,318.5,Microminiature(5000-7200nm),Considerabel Useable Space,2500-6000,3000-5700,250-500
134,GPU,14.0,150.0,232.0,5700.0,1120,AMD,5682.0,5682.0,355.1,Microminiature(5000-7200nm),Considerabel Useable Space,2500-6000,3000-5700,250-500
135,GPU,14.0,40.0,132.0,3300.0,1329,NVIDIA,18.68,1196.0,37.37,Infinitesimal(1200-3300nm),Least Useable Space,10-600,150-1500,1-80
136,GPU,12.0,250.0,754.0,18600.0,1350,NVIDIA,26900.0,13450.0,420.2,Microscopic(7200-28300nm),Most Useable Space,6000-65000,5700-30000,250-500
137,GPU,16.0,75.0,200.0,4400.0,1000,NVIDIA,59.72,3822.0,119.4,Approaching Subatomic(3300-5000nm),Some Useable Space,10-600,3000-5700,80-140
138,GPU,7.0,150.0,251.0,10300.0,1130,AMD,14380.0,7188.0,449.3,Microscopic(7200-28300nm),Considerabel Useable Space,6000-65000,5700-30000,250-500
139,GPU,12.0,50.0,200.0,4700.0,1395,NVIDIA,5914.0,2957.0,92.4,Approaching Subatomic(3300-5000nm),Some Useable Space,2500-6000,1500-3000,80-140
140,GPU,16.0,250.0,471.0,11800.0,1506,NVIDIA,197.4,12630.0,394.8,Microscopic(7200-28300nm),Most Useable Space,10-600,5700-30000,250-500
141,GPU,16.0,100.0,314.0,7200.0,1114,NVIDIA,68.77,4401.0,137.5,Microminiature(5000-7200nm),Considerabel Useable Space,10-600,3000-5700,140-250
142,GPU,14.0,15.0,210.0,4940.0,300,AMD,921.6,460.8,28.8,Approaching Subatomic(3300-5000nm),Some Useable Space,600-2500,150-1500,1-80
143,GPU,7.0,130.0,158.0,6400.0,1607,AMD,10390.0,5196.0,324.7,Microminiature(5000-7200nm),Some Useable Space,6000-65000,3000-5700,250-500
144,GPU,14.0,35.0,103.0,2200.0,925,AMD,1248.0,1248.0,78.02,Infinitesimal(1200-3300nm),Least Useable Space,600-2500,150-1500,80-140
145,GPU,16.0,75.0,314.0,7200.0,886,NVIDIA,89.12,5704.0,178.2,Microminiature(5000-7200nm),Considerabel Useable Space,10-600,5700-30000,140-250
146,GPU,28.0,50.0,125.0,1550.0,730,AMD,786.4,786.4,49.15,Infinitesimal(1200-3300nm),Least Useable Space,600-2500,150-1500,1-80
147,GPU,8.0,60.0,276.0,13250.0,817,NVIDIA,9846.0,9846.0,153.8,Microscopic(7200-28300nm),Considerabel Useable Space,6000-65000,5700-30000,140-250
148,GPU,14.0,15.0,210.0,4940.0,300,AMD,768.0,384.0,24.0,Approaching Subatomic(3300-5000nm),Some Useable Space,600-2500,150-1500,1-80
149,GPU,14.0,15.0,210.0,4940.0,300,AMD,922.4,461.2,28.82,Approaching Subatomic(3300-5000nm),Some Useable Space,600-2500,150-1500,1-80
150,GPU,7.0,45.0,156.0,9800.0,300,AMD,3686.0,1843.0,115.2,Microscopic(7200-28300nm),Some Useable Space,2500-6000,1500-3000,80-140
151,GPU,12.0,31.0,200.0,4700.0,1035,NVIDIA,4570.0,2285.0,71.4,Approaching Subatomic(3300-5000nm),Some Useable Space,2500-6000,1500-3000,1-80
152,GPU,7.0,100.0,158.0,6400.0,1670,AMD,10390.0,5196.0,324.7,Microminiature(5000-7200nm),Some Useable Space,6000-65000,3000-5700,250-500
153,GPU,16.0,100.0,314.0,7200.0,1227,NVIDIA,68.71,4398.0,137.4,Microminiature(5000-7200nm),Considerabel Useable Space,10-600,3000-5700,140-250
154,GPU,16.0,120.0,314.0,7200.0,1506,NVIDIA,61.49,3935.0,123.0,Microminiature(5000-7200nm),Considerabel Useable Space,10-600,3000-5700,80-140
155,GPU,28.0,190.0,366.0,5000.0,970,AMD,3476.0,3476.0,217.3,Approaching Subatomic(3300-5000nm),Most Useable Space,2500-6000,3000-5700,140-250
156,GPU,14.0,100.0,208.0,5000.0,1063,AMD,3656.0,3656.0,228.5,Approaching Subatomic(3300-5000nm),Some Useable Space,2500-6000,3000-5700,140-250
157,GPU,14.0,75.0,232.0,5700.0,713,AMD,3892.0,3892.0,243.3,Microminiature(5000-7200nm),Considerabel Useable Space,2500-6000,3000-5700,140-250
158,GPU,16.0,80.0,200.0,4400.0,1404,NVIDIA,66.8,4275.0,133.6,Approaching Subatomic(3300-5000nm),Some Useable Space,10-600,3000-5700,80-140
159,GPU,16.0,120.0,200.0,4400.0,1506,NVIDIA,68.36,4375.0,136.7,Approaching Subatomic(3300-5000nm),Some Useable Space,10-600,3000-5700,80-140
160,GPU,7.0,15.0,156.0,9800.0,400,AMD,3686.0,1843.0,115.2,Microscopic(7200-28300nm),Some Useable Space,2500-6000,1500-3000,80-140
161,GPU,16.0,250.0,471.0,11800.0,1025,NVIDIA,179.2,11470.0,358.3,Microscopic(7200-28300nm),Most Useable Space,10-600,5700-30000,250-500
162,GPU,14.0,50.0,103.0,2200.0,980,AMD,1121.0,1121.0,70.08,Infinitesimal(1200-3300nm),Least Useable Space,600-2500,150-1500,1-80
163,GPU,28.0,15.0,125.0,1200.0,200,AMD,691.2,691.2,345.6,Infinitesimal(1200-3300nm),Least Useable Space,600-2500,150-1500,250-500
164,GPU,14.0,185.0,232.0,5700.0,1257,AMD,6175.0,6175.0,385.9,Microminiature(5000-7200nm),Considerabel Useable Space,2500-6000,5700-30000,250-500
165,GPU,12.0,90.0,445.0,10800.0,1410,NVIDIA,5699.0,2849.0,89.04,Microscopic(7200-28300nm),Most Useable Space,2500-6000,1500-3000,80-140
166,GPU,28.0,50.0,125.0,1550.0,730,AMD,786.4,786.4,49.15,Infinitesimal(1200-3300nm),Least Useable Space,600-2500,150-1500,1-80
167,GPU,14.0,15.0,210.0,4940.0,300,AMD,1843.0,921.6,57.6,Approaching Subatomic(3300-5000nm),Some Useable Space,600-2500,150-1500,1-80
168,GPU,14.0,15.0,210.0,4940.0,300,AMD,1691.0,845.6,52.85,Approaching Subatomic(3300-5000nm),Some Useable Space,600-2500,150-1500,1-80
169,GPU,14.0,50.0,103.0,2200.0,1100,AMD,1151.0,1151.0,71.94,Infinitesimal(1200-3300nm),Least Useable Space,600-2500,150-1500,1-80
170,GPU,12.0,80.0,445.0,10800.0,945,NVIDIA,10600.0,5299.0,165.6,Microscopic(7200-28300nm),Most Useable Space,6000-65000,3000-5700,140-250
171,GPU,7.0,150.0,251.0,10300.0,1035,AMD,11660.0,5829.0,364.3,Microscopic(7200-28300nm),Considerabel Useable Space,6000-65000,5700-30000,250-500
172,GPU,14.0,75.0,123.0,3000.0,1090,AMD,2150.0,2150.0,134.4,Infinitesimal(1200-3300nm),Least Useable Space,600-2500,1500-3000,80-140
173,GPU,14.0,47.0,132.0,3300.0,1266,NVIDIA,29.6,1894.0,59.2,Infinitesimal(1200-3300nm),Least Useable Space,10-600,1500-3000,1-80
174,GPU,12.0,125.0,284.0,6600.0,1530,NVIDIA,10050.0,5027.0,157.1,Microminiature(5000-7200nm),Considerabel Useable Space,6000-65000,3000-5700,140-250
175,GPU,16.0,120.0,200.0,4400.0,1506,NVIDIA,68.36,4375.0,136.7,Approaching Subatomic(3300-5000nm),Some Useable Space,10-600,3000-5700,80-140
176,GPU,7.0,85.0,158.0,6400.0,1000,AMD,9574.0,4787.0,299.2,Microminiature(5000-7200nm),Some Useable Space,6000-65000,3000-5700,250-500
177,GPU,12.0,160.0,545.0,13600.0,1365,NVIDIA,12900.0,6451.0,201.6,Microscopic(7200-28300nm),Most Useable Space,6000-65000,5700-30000,140-250
178,GPU,14.0,10.0,74.0,1800.0,937,NVIDIA,12.46,797.2,24.91,Infinitesimal(1200-3300nm),Least Useable Space,10-600,150-1500,1-80
179,GPU,16.0,100.0,314.0,7200.0,1557,NVIDIA,139.8,8945.0,279.5,Microminiature(5000-7200nm),Considerabel Useable Space,10-600,5700-30000,250-500
180,GPU,8.0,320.0,628.0,28300.0,1440,NVIDIA,29770.0,29770.0,465.1,Microscopic(7200-28300nm),Most Useable Space,6000-65000,5700-30000,250-500
181,GPU,12.0,115.0,545.0,13600.0,1140,NVIDIA,14130.0,7066.0,220.8,Microscopic(7200-28300nm),Most Useable Space,6000-65000,5700-30000,140-250
182,GPU,12.0,175.0,445.0,10800.0,1470,NVIDIA,14360.0,7181.0,224.4,Microscopic(7200-28300nm),Most Useable Space,6000-65000,5700-30000,140-250
183,GPU,12.0,150.0,545.0,13600.0,1380,NVIDIA,18720.0,9362.0,292.6,Microscopic(7200-28300nm),Most Useable Space,6000-65000,5700-30000,250-500
184,GPU,14.0,65.0,123.0,3000.0,1090,AMD,2106.0,2106.0,131.6,Infinitesimal(1200-3300nm),Least Useable Space,600-2500,1500-3000,80-140
185,GPU,14.0,65.0,123.0,3000.0,1175,AMD,2462.0,2462.0,153.9,Infinitesimal(1200-3300nm),Least Useable Space,600-2500,1500-3000,140-250
186,GPU,28.0,100.0,366.0,5000.0,723,AMD,2961.0,2961.0,185.1,Approaching Subatomic(3300-5000nm),Most Useable Space,2500-6000,1500-3000,140-250
187,GPU,28.0,190.0,366.0,5000.0,970,AMD,3973.0,3973.0,248.3,Approaching Subatomic(3300-5000nm),Most Useable Space,2500-6000,3000-5700,140-250
188,GPU,14.0,150.0,232.0,5700.0,1168,AMD,5259.0,5259.0,328.7,Microminiature(5000-7200nm),Considerabel Useable Space,2500-6000,3000-5700,250-500
189,GPU,14.0,85.0,232.0,5700.0,926,AMD,4940.0,4940.0,308.7,Microminiature(5000-7200nm),Considerabel Useable Space,2500-6000,3000-5700,250-500
190,GPU,28.0,250.0,366.0,5000.0,850,AMD,3482.0,3482.0,217.6,Approaching Subatomic(3300-5000nm),Most Useable Space,2500-6000,3000-5700,140-250
191,GPU,7.0,110.0,158.0,6400.0,1500,AMD,10390.0,5196.0,324.7,Microminiature(5000-7200nm),Some Useable Space,6000-65000,3000-5700,250-500
192,GPU,14.0,75.0,132.0,3300.0,1392,NVIDIA,36.43,2332.0,72.86,Infinitesimal(1200-3300nm),Least Useable Space,10-600,1500-3000,1-80
193,GPU,16.0,75.0,200.0,4400.0,1076,NVIDIA,47.36,3031.0,94.72,Approaching Subatomic(3300-5000nm),Some Useable Space,10-600,3000-5700,80-140
194,GPU,14.0,50.0,123.0,3000.0,1002,AMD,2460.0,2460.0,153.7,Infinitesimal(1200-3300nm),Least Useable Space,600-2500,1500-3000,140-250
195,GPU,7.0,15.0,156.0,9800.0,400,AMD,2867.0,1434.0,89.6,Microscopic(7200-28300nm),Some Useable Space,2500-6000,1500-3000,80-140
196,GPU,12.0,80.0,545.0,13600.0,930,NVIDIA,11830.0,5914.0,184.8,Microscopic(7200-28300nm),Most Useable Space,6000-65000,5700-30000,140-250
197,GPU,16.0,75.0,200.0,4400.0,1291,NVIDIA,46.48,2974.0,92.95,Approaching Subatomic(3300-5000nm),Some Useable Space,10-600,1500-3000,80-140
198,GPU,14.0,15.0,210.0,4940.0,300,AMD,1691.0,845.6,52.85,Approaching Subatomic(3300-5000nm),Some Useable Space,600-2500,150-1500,1-80
199,GPU,14.0,75.0,123.0,3000.0,850,AMD,1306.0,1306.0,81.6,Infinitesimal(1200-3300nm),Least Useable Space,600-2500,150-1500,80-140
200,GPU,14.0,50.0,123.0,3000.0,1090,AMD,2150.0,2150.0,134.4,Infinitesimal(1200-3300nm),Least Useable Space,600-2500,1500-3000,80-140
201,GPU,14.0,130.0,232.0,5700.0,1120,AMD,5700.0,5700.0,356.3,Microminiature(5000-7200nm),Considerabel Useable Space,2500-6000,5700-30000,250-500
202,GPU,14.0,15.0,210.0,4940.0,300,AMD,3584.0,1792.0,112.0,Approaching Subatomic(3300-5000nm),Some Useable Space,2500-6000,1500-3000,80-140
203,GPU,14.0,100.0,232.0,5700.0,1000,AMD,4963.0,4963.0,310.2,Microminiature(5000-7200nm),Considerabel Useable Space,2500-6000,3000-5700,250-500
204,GPU,14.0,18.0,74.0,1800.0,1303,NVIDIA,17.92,1147.0,35.83,Infinitesimal(1200-3300nm),Least Useable Space,10-600,150-1500,1-80
205,GPU,28.0,75.0,366.0,5000.0,723,AMD,2961.0,2961.0,185.1,Approaching Subatomic(3300-5000nm),Most Useable Space,2500-6000,1500-3000,140-250
206,GPU,14.0,15.0,210.0,4940.0,300,AMD,768.8,384.4,24.02,Approaching Subatomic(3300-5000nm),Some Useable Space,600-2500,150-1500,1-80
207,GPU,14.0,175.0,232.0,5700.0,1257,AMD,6359.0,6359.0,397.4,Microminiature(5000-7200nm),Considerabel Useable Space,6000-65000,5700-30000,250-500
208,GPU,14.0,10.0,210.0,4940.0,300,AMD,768.8,384.4,24.02,Approaching Subatomic(3300-5000nm),Some Useable Space,600-2500,150-1500,1-80
209,GPU,12.0,50.0,200.0,4700.0,1065,NVIDIA,5000.0,2500.0,78.12,Approaching Subatomic(3300-5000nm),Some Useable Space,2500-6000,1500-3000,80-140
210,GPU,14.0,18.0,74.0,1800.0,1455,NVIDIA,12.14,777.2,24.29,Infinitesimal(1200-3300nm),Least Useable Space,10-600,150-1500,1-80
211,GPU,12.0,75.0,200.0,4700.0,1485,NVIDIA,5967.0,2984.0,93.24,Approaching Subatomic(3300-5000nm),Some Useable Space,2500-6000,1500-3000,80-140
212,GPU,12.0,185.0,445.0,10800.0,1470,NVIDIA,15210.0,7603.0,237.6,Microscopic(7200-28300nm),Most Useable Space,6000-65000,5700-30000,140-250
213,GPU,14.0,75.0,132.0,3300.0,1493,NVIDIA,38.88,2488.0,77.76,Infinitesimal(1200-3300nm),Least Useable Space,10-600,1500-3000,1-80
214,GPU,12.0,125.0,284.0,6600.0,1530,NVIDIA,10050.0,5027.0,157.1,Microminiature(5000-7200nm),Considerabel Useable Space,6000-65000,3000-5700,140-250
215,GPU,14.0,75.0,132.0,3300.0,1354,NVIDIA,29.1,1862.0,58.2,Infinitesimal(1200-3300nm),Least Useable Space,10-600,1500-3000,1-80
216,GPU,28.0,75.0,366.0,5000.0,723,AMD,2961.0,2961.0,185.1,Approaching Subatomic(3300-5000nm),Most Useable Space,2500-6000,1500-3000,140-250
217,GPU,20.0,15.0,118.0,2000.0,384,NVIDIA,786.4,393.2,12.29,Infinitesimal(1200-3300nm),Least Useable Space,600-2500,150-1500,1-80
218,GPU,16.0,90.0,314.0,7200.0,1012,NVIDIA,96.38,6169.0,192.8,Microminiature(5000-7200nm),Considerabel Useable Space,10-600,5700-30000,140-250
219,GPU,16.0,250.0,471.0,11800.0,1481,NVIDIA,177.2,11340.0,354.4,Microscopic(7200-28300nm),Most Useable Space,10-600,5700-30000,250-500
220,GPU,14.0,100.0,232.0,5700.0,1000,AMD,4963.0,4963.0,310.2,Microminiature(5000-7200nm),Considerabel Useable Space,2500-6000,3000-5700,250-500
221,GPU,14.0,15.0,210.0,4940.0,300,AMD,1966.0,983.0,61.44,Approaching Subatomic(3300-5000nm),Some Useable Space,600-2500,150-1500,1-80
222,GPU,14.0,65.0,123.0,3000.0,1275,AMD,2611.0,2611.0,163.2,Infinitesimal(1200-3300nm),Least Useable Space,2500-6000,1500-3000,140-250
223,GPU,28.0,275.0,596.0,8900.0,1000,AMD,7168.0,7168.0,448.0,Microscopic(7200-28300nm),Most Useable Space,6000-65000,5700-30000,250-500
224,GPU,16.0,75.0,314.0,7200.0,1139,NVIDIA,78.62,5032.0,157.2,Microminiature(5000-7200nm),Considerabel Useable Space,10-600,3000-5700,140-250
225,GPU,14.0,75.0,123.0,3000.0,1175,AMD,2611.0,2611.0,163.2,Infinitesimal(1200-3300nm),Least Useable Space,2500-6000,1500-3000,140-250
226,GPU,14.0,65.0,123.0,3000.0,1223,AMD,2192.0,2192.0,137.0,Infinitesimal(1200-3300nm),Least Useable Space,600-2500,1500-3000,140-250
227,GPU,14.0,65.0,210.0,4940.0,300,AMD,2255.0,1127.0,70.46,Approaching Subatomic(3300-5000nm),Some Useable Space,600-2500,150-1500,1-80
228,GPU,12.0,115.0,445.0,10800.0,1260,NVIDIA,13410.0,6705.0,209.5,Microscopic(7200-28300nm),Most Useable Space,6000-65000,5700-30000,140-250
229,GPU,14.0,40.0,132.0,3300.0,1266,NVIDIA,21.66,1386.0,43.33,Infinitesimal(1200-3300nm),Least Useable Space,10-600,150-1500,1-80
230,GPU,14.0,65.0,123.0,3000.0,1275,AMD,2611.0,2611.0,163.2,Infinitesimal(1200-3300nm),Least Useable Space,2500-6000,1500-3000,140-250
231,GPU,7.0,180.0,251.0,10300.0,1465,AMD,15900.0,7949.0,496.8,Microscopic(7200-28300nm),Considerabel Useable Space,6000-65000,5700-30000,250-500
232,GPU,14.0,150.0,232.0,5700.0,1000,AMD,3960.0,3960.0,247.5,Microminiature(5000-7200nm),Considerabel Useable Space,2500-6000,3000-5700,140-250
233,GPU,16.0,120.0,200.0,4400.0,1506,NVIDIA,68.36,4375.0,136.7,Approaching Subatomic(3300-5000nm),Some Useable Space,10-600,3000-5700,80-140
234,GPU,14.0,15.0,210.0,4940.0,300,AMD,3942.0,1971.0,123.2,Approaching Subatomic(3300-5000nm),Some Useable Space,2500-6000,1500-3000,80-140
235,GPU,14.0,65.0,208.0,5000.0,931,AMD,2588.0,2588.0,161.8,Approaching Subatomic(3300-5000nm),Some Useable Space,2500-6000,1500-3000,140-250
236,GPU,28.0,50.0,125.0,1550.0,730,AMD,786.4,786.4,49.15,Infinitesimal(1200-3300nm),Least Useable Space,600-2500,150-1500,1-80
237,GPU,14.0,65.0,123.0,3000.0,1090,AMD,2462.0,2462.0,153.9,Infinitesimal(1200-3300nm),Least Useable Space,600-2500,1500-3000,140-250
238,GPU,14.0,50.0,103.0,2200.0,1082,AMD,1247.0,1247.0,77.95,Infinitesimal(1200-3300nm),Least Useable Space,600-2500,150-1500,1-80
239,GPU,16.0,250.0,471.0,11800.0,1557,NVIDIA,167.0,10690.0,334.0,Microscopic(7200-28300nm),Most Useable Space,10-600,5700-30000,250-500
240,GPU,8.0,170.0,276.0,13250.0,1320,NVIDIA,12740.0,12740.0,199.0,Microscopic(7200-28300nm),Considerabel Useable Space,6000-65000,5700-30000,140-250
241,GPU,12.0,115.0,445.0,10800.0,960,NVIDIA,9216.0,4608.0,144.0,Microscopic(7200-28300nm),Most Useable Space,6000-65000,3000-5700,140-250
242,GPU,12.0,215.0,545.0,13600.0,1605,NVIDIA,18120.0,9062.0,283.2,Microscopic(7200-28300nm),Most Useable Space,6000-65000,5700-30000,250-500
243,GPU,14.0,60.0,123.0,3000.0,1019,AMD,1371.0,1371.0,85.68,Infinitesimal(1200-3300nm),Least Useable Space,600-2500,150-1500,80-140
244,GPU,14.0,150.0,232.0,5700.0,1120,AMD,5834.0,5834.0,364.6,Microminiature(5000-7200nm),Considerabel Useable Space,2500-6000,5700-30000,250-500
245,GPU,7.0,25.0,156.0,9800.0,300,AMD,3226.0,1613.0,100.8,Microscopic(7200-28300nm),Some Useable Space,2500-6000,1500-3000,80-140
246,GPU,14.0,10.0,210.0,4940.0,300,AMD,922.4,461.2,28.82,Approaching Subatomic(3300-5000nm),Some Useable Space,600-2500,150-1500,1-80
247,GPU,12.0,50.0,200.0,4700.0,1350,NVIDIA,6083.0,3041.0,95.04,Approaching Subatomic(3300-5000nm),Some Useable Space,2500-6000,3000-5700,80-140
248,GPU,14.0,50.0,123.0,3000.0,1002,AMD,1348.0,1348.0,84.24,Infinitesimal(1200-3300nm),Least Useable Space,600-2500,150-1500,80-140
249,GPU,14.0,50.0,103.0,2200.0,1100,AMD,1647.0,1647.0,103.0,Infinitesimal(1200-3300nm),Least Useable Space,600-2500,1500-3000,80-140
250,GPU,12.0,260.0,754.0,18600.0,1230,NVIDIA,29860.0,14930.0,466.6,Microscopic(7200-28300nm),Most Useable Space,6000-65000,5700-30000,250-500
251,GPU,14.0,15.0,210.0,4940.0,300,AMD,2560.0,1280.0,80.0,Approaching Subatomic(3300-5000nm),Some Useable Space,600-2500,150-1500,80-140
252,GPU,14.0,15.0,210.0,4940.0,300,AMD,922.4,461.2,28.82,Approaching Subatomic(3300-5000nm),Some Useable Space,600-2500,150-1500,1-80
253,GPU,12.0,215.0,545.0,13600.0,1515,NVIDIA,20140.0,10070.0,314.6,Microscopic(7200-28300nm),Most Useable Space,6000-65000,5700-30000,250-500
254,GPU,14.0,75.0,132.0,3300.0,1366,NVIDIA,34.61,2215.0,69.22,Infinitesimal(1200-3300nm),Least Useable Space,10-600,1500-3000,1-80
255,GPU,14.0,65.0,103.0,2200.0,1082,AMD,1385.0,1385.0,86.56,Infinitesimal(1200-3300nm),Least Useable Space,600-2500,150-1500,80-140
256,GPU,12.0,30.0,200.0,4700.0,1020,NVIDIA,5100.0,2550.0,79.68,Approaching Subatomic(3300-5000nm),Some Useable Space,2500-6000,1500-3000,80-140
257,GPU,16.0,150.0,314.0,7200.0,1506,NVIDIA,101.0,6463.0,202.0,Microminiature(5000-7200nm),Considerabel Useable Space,10-600,5700-30000,140-250
258,GPU,14.0,15.0,210.0,4940.0,300,AMD,768.8,384.4,24.02,Approaching Subatomic(3300-5000nm),Some Useable Space,600-2500,150-1500,1-80
259,GPU,14.0,150.0,232.0,5700.0,1096,AMD,4489.0,4489.0,280.6,Microminiature(5000-7200nm),Considerabel Useable Space,2500-6000,3000-5700,250-500
260,GPU,14.0,65.0,103.0,2200.0,1295,AMD,1658.0,1658.0,103.6,Infinitesimal(1200-3300nm),Least Useable Space,600-2500,1500-3000,80-140
261,GPU,7.0,100.0,197.0,8000.0,1565,AMD,8013.0,4006.0,250.4,Microscopic(7200-28300nm),Some Useable Space,6000-65000,3000-5700,140-250
262,GPU,14.0,50.0,103.0,2200.0,1124,AMD,1248.0,1248.0,78.02,Infinitesimal(1200-3300nm),Least Useable Space,600-2500,150-1500,80-140
263,GPU,7.0,125.0,158.0,6400.0,1744,AMD,10450.0,5224.0,326.5,Microminiature(5000-7200nm),Some Useable Space,6000-65000,3000-5700,250-500
264,GPU,14.0,15.0,210.0,4940.0,300,AMD,2458.0,1229.0,76.8,Approaching Subatomic(3300-5000nm),Some Useable Space,600-2500,150-1500,1-80
265,GPU,16.0,115.0,314.0,7200.0,1215,NVIDIA,88.26,5648.0,176.5,Microminiature(5000-7200nm),Considerabel Useable Space,10-600,3000-5700,140-250
266,GPU,12.0,40.0,200.0,4700.0,1200,NVIDIA,6636.0,3318.0,103.7,Approaching Subatomic(3300-5000nm),Some Useable Space,6000-65000,3000-5700,80-140
267,GPU,14.0,50.0,103.0,2200.0,1082,AMD,1240.0,1240.0,77.5,Infinitesimal(1200-3300nm),Least Useable Space,600-2500,150-1500,1-80
268,GPU,7.0,180.0,251.0,10300.0,1465,AMD,15850.0,7926.0,495.4,Microscopic(7200-28300nm),Considerabel Useable Space,6000-65000,5700-30000,250-500
269,GPU,14.0,15.0,210.0,4940.0,300,AMD,2458.0,1229.0,76.8,Approaching Subatomic(3300-5000nm),Some Useable Space,600-2500,150-1500,1-80
270,GPU,8.0,80.0,276.0,13250.0,900,NVIDIA,10940.0,10940.0,171.0,Microscopic(7200-28300nm),Considerabel Useable Space,6000-65000,5700-30000,140-250
271,GPU,28.0,15.0,125.0,1200.0,200,AMD,325.2,325.2,20.33,Infinitesimal(1200-3300nm),Least Useable Space,10-600,150-1500,1-80
272,GPU,12.0,115.0,445.0,10800.0,900,NVIDIA,10370.0,5184.0,162.0,Microscopic(7200-28300nm),Most Useable Space,6000-65000,3000-5700,140-250
273,GPU,14.0,35.0,210.0,4940.0,300,AMD,2255.0,1127.0,70.46,Approaching Subatomic(3300-5000nm),Some Useable Space,600-2500,150-1500,1-80
274,GPU,12.0,18.0,200.0,4700.0,1365,NVIDIA,6075.0,3037.0,94.92,Approaching Subatomic(3300-5000nm),Some Useable Space,2500-6000,3000-5700,80-140
275,GPU,28.0,15.0,125.0,1200.0,200,AMD,553.0,553.0,276.5,Infinitesimal(1200-3300nm),Least Useable Space,10-600,150-1500,250-500
276,GPU,14.0,50.0,103.0,2200.0,1124,AMD,1248.0,1248.0,78.02,Infinitesimal(1200-3300nm),Least Useable Space,600-2500,150-1500,80-140
277,GPU,14.0,50.0,123.0,3000.0,1125,AMD,2460.0,2460.0,153.7,Infinitesimal(1200-3300nm),Least Useable Space,600-2500,1500-3000,140-250
278,GPU,14.0,10.0,74.0,1800.0,1519,NVIDIA,12.25,783.9,24.5,Infinitesimal(1200-3300nm),Least Useable Space,10-600,150-1500,1-80
279,GPU,12.0,260.0,754.0,18600.0,1065,NVIDIA,25710.0,12860.0,401.8,Microscopic(7200-28300nm),Most Useable Space,6000-65000,5700-30000,250-500
280,GPU,12.0,80.0,284.0,6600.0,1410,NVIDIA,5699.0,2849.0,89.04,Microminiature(5000-7200nm),Considerabel Useable Space,2500-6000,1500-3000,80-140
281,GPU,14.0,15.0,210.0,4940.0,300,AMD,768.8,384.4,24.02,Approaching Subatomic(3300-5000nm),Some Useable Space,600-2500,150-1500,1-80
282,GPU,12.0,110.0,545.0,13600.0,1035,NVIDIA,18980.0,9492.0,296.6,Microscopic(7200-28300nm),Most Useable Space,6000-65000,5700-30000,250-500
283,GPU,14.0,150.0,232.0,5700.0,1096,AMD,4489.0,4489.0,280.6,Microminiature(5000-7200nm),Considerabel Useable Space,2500-6000,3000-5700,250-500
284,GPU,8.0,320.0,628.0,28300.0,1440,NVIDIA,29770.0,29770.0,465.1,Microscopic(7200-28300nm),Most Useable Space,6000-65000,5700-30000,250-500
285,GPU,12.0,120.0,284.0,6600.0,1530,NVIDIA,10050.0,5027.0,157.1,Microminiature(5000-7200nm),Considerabel Useable Space,6000-65000,3000-5700,140-250
286,GPU,7.0,85.0,158.0,6400.0,1000,AMD,6400.0,3200.0,200.0,Microminiature(5000-7200nm),Some Useable Space,6000-65000,3000-5700,140-250
287,GPU,28.0,265.0,366.0,5000.0,1050,AMD,3763.0,3763.0,235.2,Approaching Subatomic(3300-5000nm),Most Useable Space,2500-6000,3000-5700,140-250
288,GPU,14.0,75.0,123.0,3000.0,1004,AMD,2056.0,2056.0,128.5,Infinitesimal(1200-3300nm),Least Useable Space,600-2500,1500-3000,80-140
289,GPU,7.0,85.0,158.0,6400.0,1375,AMD,9265.0,4632.0,289.5,Microminiature(5000-7200nm),Some Useable Space,6000-65000,3000-5700,250-500
290,GPU,14.0,25.0,132.0,3300.0,1430,NVIDIA,18.68,1196.0,37.37,Infinitesimal(1200-3300nm),Least Useable Space,10-600,150-1500,1-80
291,GPU,12.0,120.0,284.0,6600.0,1500,NVIDIA,10870.0,5437.0,169.9,Microminiature(5000-7200nm),Considerabel Useable Space,6000-65000,3000-5700,140-250
292,GPU,12.0,80.0,545.0,13600.0,600,NVIDIA,16590.0,8294.0,259.2,Microscopic(7200-28300nm),Most Useable Space,6000-65000,5700-30000,250-500
293,GPU,14.0,15.0,210.0,4940.0,300,AMD,2995.0,1498.0,93.6,Approaching Subatomic(3300-5000nm),Some Useable Space,2500-6000,1500-3000,80-140
294,GPU,14.0,35.0,123.0,3000.0,855,AMD,1313.0,1313.0,82.08,Infinitesimal(1200-3300nm),Least Useable Space,600-2500,150-1500,80-140
295,GPU,14.0,75.0,232.0,5700.0,713,AMD,3903.0,3903.0,243.9,Microminiature(5000-7200nm),Considerabel Useable Space,2500-6000,3000-5700,140-250
296,GPU,14.0,60.0,123.0,3000.0,1019,AMD,1371.0,1371.0,85.68,Infinitesimal(1200-3300nm),Least Useable Space,600-2500,150-1500,80-140
297,GPU,12.0,100.0,284.0,6600.0,1530,NVIDIA,8832.0,4416.0,138.0,Microminiature(5000-7200nm),Considerabel Useable Space,6000-65000,3000-5700,140-250
298,GPU,28.0,50.0,125.0,1550.0,730,AMD,786.4,786.4,49.15,Infinitesimal(1200-3300nm),Least Useable Space,600-2500,150-1500,1-80
299,GPU,16.0,120.0,314.0,7200.0,1506,NVIDIA,68.36,4375.0,136.7,Microminiature(5000-7200nm),Considerabel Useable Space,10-600,3000-5700,80-140
300,GPU,14.0,75.0,123.0,3000.0,907,AMD,1858.0,1858.0,116.1,Infinitesimal(1200-3300nm),Least Useable Space,600-2500,1500-3000,80-140
301,GPU,12.0,50.0,200.0,4700.0,1380,NVIDIA,6205.0,3103.0,96.96,Approaching Subatomic(3300-5000nm),Some Useable Space,6000-65000,3000-5700,80-140
302,GPU,14.0,185.0,232.0,5700.0,1257,AMD,6175.0,6175.0,385.9,Microminiature(5000-7200nm),Considerabel Useable Space,2500-6000,5700-30000,250-500
303,GPU,14.0,75.0,123.0,3000.0,1175,AMD,2611.0,2611.0,163.2,Infinitesimal(1200-3300nm),Least Useable Space,2500-6000,1500-3000,140-250
304,GPU,14.0,150.0,232.0,5700.0,1000,AMD,3960.0,3960.0,247.5,Microminiature(5000-7200nm),Considerabel Useable Space,2500-6000,3000-5700,140-250
305,GPU,14.0,35.0,210.0,4940.0,300,AMD,3523.0,1761.0,110.1,Approaching Subatomic(3300-5000nm),Some Useable Space,2500-6000,1500-3000,80-140
306,GPU,28.0,50.0,125.0,1550.0,730,AMD,786.4,786.4,49.15,Infinitesimal(1200-3300nm),Least Useable Space,600-2500,150-1500,1-80
307,GPU,14.0,65.0,123.0,3000.0,1090,AMD,2106.0,2106.0,131.6,Infinitesimal(1200-3300nm),Least Useable Space,600-2500,1500-3000,80-140
308,GPU,12.0,110.0,545.0,13600.0,1110,NVIDIA,15970.0,7987.0,249.6,Microscopic(7200-28300nm),Most Useable Space,6000-65000,5700-30000,140-250
309,GPU,16.0,150.0,314.0,7200.0,1556,NVIDIA,138.7,8878.0,277.4,Microminiature(5000-7200nm),Considerabel Useable Space,10-600,5700-30000,250-500
310,GPU,14.0,15.0,210.0,4940.0,300,AMD,3584.0,1792.0,112.0,Approaching Subatomic(3300-5000nm),Some Useable Space,2500-6000,1500-3000,80-140
311,GPU,8.0,200.0,392.0,17400.0,1410,NVIDIA,16200.0,16200.0,253.1,Microscopic(7200-28300nm),Most Useable Space,6000-65000,5700-30000,140-250
312,GPU,28.0,150.0,366.0,5000.0,920,AMD,7537.0,3768.0,235.5,Approaching Subatomic(3300-5000nm),Most Useable Space,6000-65000,3000-5700,140-250
313,GPU,14.0,15.0,210.0,4940.0,300,AMD,3942.0,1971.0,123.2,Approaching Subatomic(3300-5000nm),Some Useable Space,2500-6000,1500-3000,80-140
314,GPU,16.0,150.0,314.0,7200.0,1506,NVIDIA,101.0,6463.0,202.0,Microminiature(5000-7200nm),Considerabel Useable Space,10-600,5700-30000,140-250
315,GPU,14.0,75.0,132.0,3300.0,1354,NVIDIA,29.86,1911.0,59.72,Infinitesimal(1200-3300nm),Least Useable Space,10-600,1500-3000,1-80
316,GPU,14.0,65.0,103.0,2200.0,925,AMD,1248.0,1248.0,78.02,Infinitesimal(1200-3300nm),Least Useable Space,600-2500,150-1500,80-140
317,GPU,8.0,80.0,392.0,17400.0,780,NVIDIA,13210.0,13210.0,206.4,Microscopic(7200-28300nm),Most Useable Space,6000-65000,5700-30000,140-250
318,GPU,14.0,10.0,210.0,4940.0,300,AMD,3331.0,1665.0,104.1,Approaching Subatomic(3300-5000nm),Some Useable Space,2500-6000,1500-3000,80-140
319,GPU,16.0,120.0,314.0,7200.0,1442,NVIDIA,105.3,6738.0,210.6,Microminiature(5000-7200nm),Considerabel Useable Space,10-600,5700-30000,140-250
320,GPU,14.0,50.0,103.0,2200.0,1124,AMD,1240.0,1240.0,77.5,Infinitesimal(1200-3300nm),Least Useable Space,600-2500,150-1500,1-80
321,GPU,14.0,15.0,210.0,4940.0,300,AMD,845.6,422.8,26.42,Approaching Subatomic(3300-5000nm),Some Useable Space,600-2500,150-1500,1-80
322,GPU,14.0,75.0,132.0,3300.0,1000,NVIDIA,22.78,1458.0,45.56,Infinitesimal(1200-3300nm),Least Useable Space,10-600,1500-3000,1-80
323,GPU,14.0,35.0,210.0,4940.0,300,AMD,3523.0,1761.0,110.1,Approaching Subatomic(3300-5000nm),Some Useable Space,2500-6000,1500-3000,80-140
324,GPU,14.0,50.0,103.0,2200.0,1100,AMD,1211.0,1211.0,75.71,Infinitesimal(1200-3300nm),Least Useable Space,600-2500,150-1500,1-80
325,GPU,28.0,190.0,366.0,5000.0,918,AMD,3290.0,3290.0,205.6,Approaching Subatomic(3300-5000nm),Most Useable Space,2500-6000,3000-5700,140-250
326,GPU,16.0,80.0,200.0,4400.0,1063,NVIDIA,59.2,3789.0,118.4,Approaching Subatomic(3300-5000nm),Some Useable Space,10-600,3000-5700,80-140
327,GPU,16.0,250.0,471.0,11800.0,1405,NVIDIA,189.8,12150.0,379.7,Microscopic(7200-28300nm),Most Useable Space,10-600,5700-30000,250-500
328,GPU,14.0,120.0,232.0,5700.0,926,AMD,4940.0,4940.0,308.7,Microminiature(5000-7200nm),Considerabel Useable Space,2500-6000,3000-5700,250-500
329,GPU,16.0,105.0,314.0,7200.0,1202,NVIDIA,82.88,5304.0,165.8,Microminiature(5000-7200nm),Considerabel Useable Space,10-600,3000-5700,140-250
330,GPU,14.0,120.0,232.0,5700.0,926,AMD,4322.0,4322.0,270.1,Microminiature(5000-7200nm),Considerabel Useable Space,2500-6000,3000-5700,250-500
331,GPU,14.0,75.0,132.0,3300.0,1152,NVIDIA,30.98,1983.0,61.97,Infinitesimal(1200-3300nm),Least Useable Space,10-600,1500-3000,1-80
332,GPU,12.0,50.0,200.0,4700.0,1395,NVIDIA,6390.0,3195.0,99.84,Approaching Subatomic(3300-5000nm),Some Useable Space,6000-65000,3000-5700,80-140
333,GPU,12.0,50.0,200.0,4700.0,1035,NVIDIA,4915.0,2458.0,76.8,Approaching Subatomic(3300-5000nm),Some Useable Space,2500-6000,1500-3000,1-80
334,GPU,7.0,150.0,251.0,10300.0,1130,AMD,12780.0,6390.0,399.4,Microscopic(7200-28300nm),Considerabel Useable Space,6000-65000,5700-30000,250-500
335,GPU,12.0,110.0,545.0,13600.0,1035,NVIDIA,18980.0,9492.0,296.6,Microscopic(7200-28300nm),Most Useable Space,6000-65000,5700-30000,250-500
336,GPU,7.0,15.0,156.0,9800.0,400,AMD,1792.0,896.0,56.0,Microscopic(7200-28300nm),Some Useable Space,600-2500,150-1500,1-80
337,GPU,12.0,175.0,232.0,5700.0,1469,AMD,7119.0,7119.0,445.0,Microminiature(5000-7200nm),Considerabel Useable Space,6000-65000,5700-30000,250-500
338,GPU,14.0,35.0,103.0,2200.0,1124,AMD,1248.0,1248.0,78.02,Infinitesimal(1200-3300nm),Least Useable Space,600-2500,150-1500,80-140
339,GPU,14.0,50.0,132.0,3300.0,1557,NVIDIA,38.57,2468.0,77.14,Infinitesimal(1200-3300nm),Least Useable Space,10-600,1500-3000,1-80
340,GPU,12.0,250.0,754.0,18600.0,1350,NVIDIA,26900.0,13450.0,420.2,Microscopic(7200-28300nm),Most Useable Space,6000-65000,5700-30000,250-500
341,GPU,8.0,220.0,392.0,17400.0,1500,NVIDIA,20310.0,20310.0,317.4,Microscopic(7200-28300nm),Most Useable Space,6000-65000,5700-30000,250-500
342,GPU,12.0,18.0,200.0,4700.0,420,NVIDIA,5107.0,2554.0,79.8,Approaching Subatomic(3300-5000nm),Some Useable Space,2500-6000,1500-3000,80-140
343,GPU,14.0,35.0,123.0,3000.0,850,AMD,1858.0,1858.0,116.1,Infinitesimal(1200-3300nm),Least Useable Space,600-2500,1500-3000,80-140
344,GPU,14.0,47.0,132.0,3300.0,1354,NVIDIA,22.27,1425.0,44.54,Infinitesimal(1200-3300nm),Least Useable Space,10-600,150-1500,1-80
345,GPU,14.0,50.0,103.0,2200.0,1100,AMD,1505.0,1505.0,94.08,Infinitesimal(1200-3300nm),Least Useable Space,600-2500,1500-3000,80-140
346,GPU,12.0,65.0,445.0,10800.0,1005,NVIDIA,11980.0,5990.0,187.2,Microscopic(7200-28300nm),Most Useable Space,6000-65000,5700-30000,140-250
