,Type,Process_Size,TDP,Die_Size,Transistors,Freq,Vendor
0,CPU,65.0,45.0,77.0,122.0,2200,AMD
1,CPU,14.0,35.0,192.0,4800.0,3200,AMD
2,CPU,22.0,80.0,160.0,1400.0,1800,Intel
3,CPU,22.0,95.0,160.0,1400.0,2400,Intel
4,CPU,65.0,125.0,285.0,450.0,2400,AMD
5,CPU,65.0,130.0,140.0,376.0,3000,Intel
6,CPU,90.0,89.0,156.0,154.0,2200,AMD
7,CPU,130.0,62.0,80.0,37.0,1992,AMD
8,CPU,22.0,35.0,160.0,1480.0,2200,Intel
9,CPU,65.0,95.0,285.0,450.0,2300,AMD
10,CPU,90.0,84.0,109.0,125.0,2660,Intel
11,CPU,22.0,80.0,160.0,1400.0,2500,Intel
12,CPU,90.0,110.0,199.0,233.0,2400,AMD
13,CPU,45.0,130.0,263.0,731.0,3333,Intel
14,CPU,90.0,67.0,115.0,105.0,2200,AMD
15,CPU,90.0,130.0,206.0,169.0,3000,Intel
16,CPU,14.0,170.0,213.0,4800.0,3100,AMD
17,CPU,90.0,115.0,109.0,125.0,3400,Intel
18,CPU,45.0,45.0,117.0,234.0,2700,AMD
19,CPU,14.0,170.0,213.0,4800.0,2000,AMD
20,CPU,45.0,4.0,26.0,47.0,1600,Intel
21,CPU,22.0,130.0,160.0,1400.0,3000,Intel
22,CPU,65.0,95.0,285.0,450.0,2300,AMD
23,CPU,32.0,35.0,149.0,624.0,2200,Intel
24,CPU,32.0,65.0,228.0,1178.0,2400,AMD
25,CPU,90.0,25.0,125.0,114.0,1800,AMD
26,CPU,45.0,65.0,107.0,820.0,2833,Intel
27,CPU,22.0,15.0,118.0,1300.0,1800,Intel
28,CPU,14.0,65.0,192.0,4800.0,3200,AMD
29,CPU,32.0,35.0,228.0,1178.0,1900,AMD
30,CPU,130.0,97.0,237.0,286.0,3200,Intel
31,CPU,65.0,130.0,143.0,582.0,2666,Intel
32,CPU,32.0,65.0,228.0,1178.0,2100,AMD
33,CPU,90.0,89.0,220.0,227.0,2800,AMD
34,CPU,45.0,95.0,169.0,300.0,3000,AMD
35,CPU,7.0,155.0,74.0,3800.0,3000,AMD
36,CPU,7.0,45.0,156.0,9800.0,3300,AMD
37,CPU,7.0,180.0,74.0,3800.0,2500,AMD
38,CPU,90.0,62.0,230.0,227.0,2600,AMD
39,CPU,130.0,32.0,80.0,44.0,1400,Intel
40,CPU,130.0,82.0,193.0,106.0,2200,AMD
41,CPU,22.0,80.0,160.0,1400.0,2100,Intel
42,CPU,90.0,67.0,156.0,154.0,2200,AMD
43,CPU,32.0,4.0,66.0,176.0,1600,Intel
44,CPU,22.0,15.0,118.0,1400.0,1600,Intel
45,CPU,90.0,89.0,220.0,154.0,2000,AMD
46,CPU,22.0,60.0,160.0,1400.0,2400,Intel
47,CPU,12.0,35.0,210.0,4940.0,2300,AMD
48,CPU,7.0,25.0,156.0,9800.0,2100,AMD
49,CPU,65.0,27.0,90.0,151.0,1866,Intel
50,CPU,32.0,65.0,246.0,1178.0,3400,AMD
51,CPU,65.0,31.0,90.0,151.0,2166,Intel
52,CPU,14.0,51.0,150.0,1400.0,3500,Intel
53,CPU,130.0,68.0,80.0,37.0,2133,AMD
54,CPU,130.0,89.0,193.0,69.0,2000,AMD
55,CPU,65.0,95.0,140.0,376.0,3400,Intel
56,CPU,32.0,35.0,131.0,504.0,1500,Intel
57,CPU,130.0,73.0,146.0,55.0,2700,Intel
58,CPU,90.0,62.0,230.0,227.0,2200,AMD
59,CPU,90.0,35.0,103.0,81.0,1800,AMD
60,CPU,22.0,35.0,160.0,1480.0,2900,Intel
61,CPU,32.0,45.0,228.0,1178.0,1600,AMD
62,CPU,32.0,35.0,81.0,382.0,2400,Intel
63,CPU,22.0,54.0,177.0,1400.0,3300,Intel
64,CPU,22.0,15.0,118.0,1400.0,1700,Intel
65,CPU,65.0,65.0,111.0,167.0,2133,Intel
66,CPU,180.0,68.0,150.0,37.0,1600,AMD
67,CPU,130.0,31.0,80.0,44.0,1400,Intel
68,CPU,65.0,95.0,285.0,450.0,2200,AMD
69,CPU,130.0,68.0,80.0,37.0,1800,AMD
70,CPU,90.0,88.0,112.0,125.0,3200,Intel
71,CPU,65.0,65.0,77.0,105.0,2400,Intel
72,CPU,7.0,25.0,156.0,9800.0,2100,AMD
73,CPU,12.0,250.0,213.0,19200.0,3000,AMD
74,CPU,45.0,7.0,66.0,123.0,1834,Intel
75,CPU,12.0,65.0,192.0,4800.0,3400,AMD
76,CPU,65.0,65.0,285.0,450.0,2100,AMD
77,CPU,32.0,65.0,228.0,1178.0,2800,AMD
78,CPU,180.0,67.0,217.0,42.0,1800,Intel
79,CPU,90.0,84.0,109.0,125.0,2660,Intel
80,CPU,22.0,45.0,160.0,1400.0,2800,Intel
81,CPU,130.0,110.0,146.0,55.0,2527,Intel
82,CPU,130.0,60.0,131.0,55.0,2400,Intel
83,CPU,90.0,22.0,125.0,114.0,1600,AMD
84,CPU,45.0,2.0,65.0,140.0,1900,Intel
85,CPU,22.0,15.0,118.0,1400.0,1600,Intel
86,CPU,45.0,65.0,82.0,228.0,3000,Intel
87,CPU,22.0,35.0,177.0,1400.0,2700,Intel
88,CPU,28.0,35.0,246.0,1178.0,3000,AMD
89,CPU,130.0,32.0,131.0,55.0,2000,Intel
90,CPU,32.0,80.0,239.0,1170.0,2400,Intel
91,CPU,32.0,115.0,316.0,2400.0,2200,AMD
92,CPU,12.0,15.0,210.0,4940.0,2600,AMD
93,CPU,14.0,72.0,126.0,1400.0,3400,Intel
94,CPU,130.0,32.0,144.0,69.0,1600,AMD
95,CPU,14.0,45.0,210.0,4950.0,3350,AMD
96,CPU,45.0,45.0,169.0,300.0,2500,AMD
97,CPU,32.0,95.0,216.0,1160.0,2900,Intel
98,CPU,32.0,125.0,315.0,1200.0,3500,AMD
99,CPU,32.0,140.0,315.0,2400.0,2800,AMD
100,CPU,32.0,17.0,131.0,504.0,1400,Intel
101,CPU,45.0,125.0,346.0,904.0,3300,AMD
102,CPU,22.0,54.0,177.0,1400.0,3400,Intel
103,CPU,32.0,130.0,435.0,2270.0,3000,Intel
104,CPU,22.0,35.0,160.0,1480.0,2200,Intel
105,CPU,90.0,84.0,109.0,125.0,2933,Intel
106,CPU,130.0,82.0,193.0,106.0,1600,AMD
107,CPU,90.0,135.0,213.0,200.0,2800,Intel
108,CPU,45.0,65.0,82.0,228.0,3067,Intel
109,CPU,45.0,95.0,258.0,758.0,2600,AMD
110,CPU,130.0,62.0,80.0,37.0,1750,AMD
111,CPU,22.0,54.0,177.0,1400.0,3300,Intel
112,CPU,14.0,180.0,213.0,4800.0,2200,AMD
113,CPU,22.0,140.0,160.0,1400.0,2200,Intel
114,CPU,65.0,125.0,285.0,450.0,2500,AMD
115,CPU,22.0,57.0,177.0,1400.0,3100,Intel
116,CPU,65.0,105.0,143.0,582.0,2400,Intel
117,CPU,90.0,125.0,220.0,243.0,2800,AMD
118,CPU,65.0,95.0,285.0,450.0,2700,AMD
119,CPU,22.0,45.0,160.0,1400.0,2700,Intel
120,CPU,22.0,35.0,177.0,1400.0,2900,Intel
121,CPU,45.0,9.0,87.0,176.0,1667,Intel
122,CPU,65.0,35.0,143.0,293.0,2000,Intel
123,CPU,22.0,140.0,356.0,2600.0,3300,Intel
124,CPU,45.0,65.0,82.0,228.0,2600,Intel
125,CPU,32.0,65.0,131.0,504.0,2700,Intel
126,CPU,90.0,84.0,109.0,125.0,3000,Intel
127,CPU,130.0,82.0,131.0,55.0,3200,Intel
128,CPU,45.0,45.0,169.0,300.0,2400,AMD
129,CPU,90.0,62.0,103.0,81.0,1600,AMD
130,CPU,130.0,92.0,146.0,125.0,2000,Intel
131,CPU,45.0,95.0,346.0,904.0,2800,AMD
132,CPU,32.0,65.0,246.0,1178.0,3000,AMD
133,CPU,65.0,95.0,285.0,450.0,2300,AMD
134,CPU,22.0,15.0,118.0,1400.0,1400,Intel
135,CPU,32.0,35.0,131.0,504.0,1700,Intel
136,CPU,32.0,130.0,239.0,1170.0,3200,Intel
137,CPU,22.0,37.0,118.0,1300.0,3000,Intel
138,CPU,32.0,140.0,316.0,2400.0,2600,AMD
139,CPU,65.0,86.0,81.0,188.0,3000,Intel
140,CPU,32.0,40.0,239.0,1170.0,1866,Intel
141,CPU,45.0,95.0,258.0,758.0,2800,AMD
142,CPU,32.0,80.0,239.0,1170.0,1600,Intel
143,CPU,32.0,17.0,131.0,504.0,1500,Intel
144,CPU,32.0,45.0,228.0,1178.0,2000,AMD
145,CPU,14.0,72.0,126.0,1400.0,3400,Intel
146,CPU,45.0,95.0,258.0,758.0,2800,AMD
147,CPU,45.0,65.0,117.0,410.0,3000,AMD
148,CPU,130.0,89.0,193.0,106.0,2200,AMD
149,CPU,65.0,65.0,285.0,450.0,2000,AMD
150,CPU,32.0,35.0,131.0,504.0,2400,Intel
151,CPU,45.0,95.0,169.0,300.0,2900,AMD
152,CPU,32.0,35.0,131.0,504.0,1600,Intel
153,CPU,28.0,35.0,246.0,1178.0,3100,AMD
154,CPU,65.0,65.0,143.0,291.0,2667,Intel
155,CPU,32.0,130.0,239.0,1170.0,3466,Intel
156,CPU,65.0,65.0,111.0,167.0,1800,Intel
157,CPU,130.0,70.0,131.0,55.0,2800,Intel
158,CPU,14.0,95.0,192.0,4800.0,3400,AMD
159,CPU,32.0,100.0,228.0,1178.0,2600,AMD
160,CPU,14.0,15.0,210.0,4950.0,2000,AMD
161,CPU,90.0,84.0,135.0,169.0,2800,Intel
162,CPU,90.0,45.0,3.0,154.0,2600,AMD
163,CPU,65.0,27.0,90.0,151.0,1500,Intel
164,CPU,130.0,89.0,144.0,69.0,2400,AMD
165,CPU,90.0,135.0,213.0,200.0,3000,Intel
166,CPU,130.0,110.0,146.0,55.0,2793,Intel
167,CPU,45.0,80.0,258.0,758.0,3200,AMD
168,CPU,22.0,54.0,177.0,1400.0,2500,Intel
169,CPU,7.0,180.0,74.0,3800.0,2800,AMD
170,CPU,180.0,69.0,217.0,42.0,1900,Intel
171,CPU,32.0,140.0,316.0,2400.0,2700,AMD
172,CPU,32.0,95.0,315.0,1200.0,3500,AMD
173,CPU,32.0,65.0,228.0,1178.0,2700,AMD
174,CPU,90.0,62.0,103.0,81.0,2200,AMD
175,CPU,22.0,17.0,118.0,1400.0,1800,Intel
176,CPU,45.0,95.0,82.0,456.0,2700,Intel
177,CPU,32.0,130.0,513.0,2600.0,2400,Intel
178,CPU,90.0,65.0,220.0,154.0,2200,AMD
179,CPU,32.0,95.0,315.0,1200.0,3100,AMD
180,CPU,45.0,130.0,263.0,731.0,3200,Intel
181,CPU,65.0,45.0,126.0,154.0,2300,AMD
182,CPU,45.0,125.0,258.0,758.0,2800,AMD
183,CPU,90.0,62.0,84.0,63.0,1400,AMD
184,CPU,90.0,62.0,84.0,63.0,2000,AMD
185,CPU,130.0,89.0,193.0,106.0,2400,AMD
186,CPU,90.0,135.0,213.0,200.0,2833,Intel
187,CPU,32.0,45.0,216.0,1160.0,2500,Intel
188,CPU,130.0,66.0,131.0,55.0,2400,Intel
189,CPU,7.0,25.0,156.0,9800.0,1800,AMD
190,CPU,32.0,65.0,315.0,1200.0,2600,AMD
191,CPU,65.0,95.0,285.0,450.0,2400,AMD
192,CPU,14.0,65.0,192.0,4800.0,3500,AMD
193,CPU,90.0,110.0,199.0,233.0,2200,AMD
194,CPU,32.0,35.0,246.0,1303.0,2500,AMD
195,CPU,32.0,73.0,81.0,382.0,3466,Intel
196,CPU,22.0,47.0,264.0,1400.0,2100,Intel
197,CPU,65.0,130.0,140.0,376.0,3200,Intel
198,CPU,90.0,25.0,125.0,114.0,2000,AMD
199,CPU,22.0,37.0,118.0,1400.0,2600,Intel
200,CPU,22.0,45.0,160.0,1480.0,2400,Intel
201,CPU,32.0,115.0,315.0,2400.0,2300,AMD
202,CPU,130.0,82.0,193.0,106.0,1800,AMD
203,CPU,90.0,110.0,109.0,125.0,2400,Intel
204,CPU,22.0,115.0,160.0,1400.0,2400,Intel
205,CPU,90.0,21.0,84.0,140.0,1600,Intel
206,CPU,32.0,35.0,228.0,1178.0,2000,AMD
207,CPU,130.0,68.0,131.0,55.0,2800,Intel
208,CPU,45.0,45.0,117.0,410.0,3000,AMD
209,CPU,65.0,89.0,126.0,154.0,3100,AMD
210,CPU,90.0,45.0,230.0,227.0,2400,AMD
211,CPU,130.0,73.0,146.0,55.0,2400,Intel
212,CPU,7.0,120.0,74.0,3800.0,3100,AMD
213,CPU,45.0,65.0,117.0,410.0,2800,AMD
214,CPU,32.0,95.0,315.0,1200.0,3100,AMD
215,CPU,45.0,95.0,81.0,456.0,2666,Intel
216,CPU,22.0,165.0,160.0,1400.0,2800,Intel
217,CPU,32.0,35.0,131.0,504.0,1800,Intel
218,CPU,14.0,51.0,150.0,1400.0,2800,Intel
219,CPU,32.0,65.0,131.0,504.0,2900,Intel
220,CPU,7.0,225.0,74.0,3800.0,2250,AMD
221,CPU,22.0,47.0,177.0,1400.0,2800,Intel
222,CPU,45.0,65.0,107.0,410.0,3333,Intel
223,CPU,45.0,125.0,346.0,904.0,3200,AMD
224,CPU,65.0,150.0,435.0,1328.0,3200,Intel
225,CPU,22.0,35.0,177.0,1400.0,3100,Intel
226,CPU,45.0,45.0,117.0,234.0,2600,AMD
227,CPU,45.0,7.0,66.0,123.0,1834,Intel
228,CPU,65.0,15.0,90.0,151.0,1833,Intel
229,CPU,130.0,62.0,80.0,37.0,1583,AMD
230,CPU,32.0,65.0,246.0,1178.0,3400,AMD
231,CPU,45.0,2.0,26.0,47.0,1600,Intel
232,CPU,45.0,130.0,263.0,731.0,3333,Intel
233,CPU,90.0,62.0,183.0,154.0,2400,AMD
234,CPU,90.0,65.0,220.0,154.0,2400,AMD
235,CPU,32.0,35.0,149.0,624.0,2400,Intel
236,CPU,130.0,45.0,101.0,63.0,1667,AMD
237,CPU,130.0,21.0,131.0,55.0,1400,Intel
238,CPU,32.0,17.0,149.0,624.0,1500,Intel
239,CPU,45.0,13.0,66.0,176.0,1667,Intel
240,CPU,65.0,31.0,90.0,151.0,1733,Intel
241,CPU,45.0,7.0,66.0,123.0,1667,Intel
242,CPU,90.0,130.0,206.0,169.0,3200,Intel
243,CPU,22.0,80.0,160.0,1400.0,2500,Intel
244,CPU,65.0,65.0,111.0,167.0,2400,Intel
245,CPU,22.0,140.0,160.0,1400.0,3200,Intel
246,CPU,32.0,35.0,81.0,384.0,2677,Intel
247,CPU,45.0,95.0,258.0,758.0,3000,AMD
248,CPU,130.0,89.0,144.0,69.0,1800,AMD
249,CPU,130.0,89.0,193.0,105.0,2200,AMD
250,CPU,130.0,97.0,237.0,286.0,3066,Intel
251,CPU,90.0,84.0,109.0,125.0,2800,Intel
252,CPU,130.0,89.0,193.0,105.0,2200,AMD
253,CPU,45.0,95.0,169.0,300.0,3300,AMD
254,CPU,130.0,110.0,146.0,55.0,2000,Intel
255,CPU,12.0,65.0,192.0,4800.0,3200,AMD
256,CPU,130.0,73.0,146.0,55.0,2300,Intel
257,CPU,45.0,45.0,117.0,234.0,2900,AMD
258,CPU,65.0,35.0,143.0,293.0,2333,Intel
259,CPU,32.0,150.0,435.0,2270.0,3500,Intel
260,CPU,130.0,62.0,193.0,106.0,2200,AMD
261,CPU,45.0,115.0,346.0,1800.0,1900,AMD
262,CPU,130.0,68.0,101.0,63.0,2083,AMD
263,CPU,22.0,65.0,160.0,1400.0,2900,Intel
264,CPU,90.0,125.0,235.0,227.0,3000,AMD
265,CPU,45.0,3.0,26.0,47.0,1667,Intel
266,CPU,90.0,35.0,125.0,114.0,2200,AMD
267,CPU,130.0,73.0,146.0,55.0,2800,Intel
268,CPU,32.0,35.0,131.0,504.0,2300,Intel
269,CPU,45.0,95.0,258.0,758.0,2800,AMD
270,CPU,14.0,65.0,192.0,4800.0,3400,AMD
271,CPU,90.0,21.0,84.0,140.0,1500,Intel
272,CPU,90.0,130.0,206.0,169.0,3200,Intel
273,CPU,65.0,45.0,126.0,154.0,2100,AMD
274,CPU,22.0,65.0,177.0,1400.0,3100,Intel
275,CPU,12.0,15.0,210.0,4940.0,2100,AMD
276,CPU,32.0,95.0,216.0,1160.0,3500,Intel
277,CPU,130.0,68.0,80.0,63.0,2000,AMD
278,CPU,14.0,170.0,213.0,4800.0,2000,AMD
279,CPU,65.0,150.0,435.0,1328.0,3400,Intel
280,CPU,22.0,95.0,160.0,1400.0,2600,Intel
281,CPU,130.0,89.0,217.0,55.0,2000,Intel
282,CPU,45.0,65.0,258.0,758.0,2500,AMD
283,CPU,90.0,84.0,109.0,125.0,2800,Intel
284,CPU,130.0,68.0,101.0,63.0,2100,AMD
285,CPU,45.0,65.0,258.0,758.0,2400,AMD
286,CPU,130.0,82.0,193.0,106.0,1600,AMD
287,CPU,130.0,25.0,144.0,69.0,1800,AMD
288,CPU,180.0,67.0,217.0,42.0,1800,Intel
289,CPU,65.0,95.0,435.0,1328.0,2600,Intel
290,CPU,32.0,95.0,315.0,1200.0,3200,AMD
291,CPU,32.0,10.0,66.0,176.0,1867,Intel
292,CPU,14.0,51.0,150.0,1400.0,2900,Intel
293,CPU,90.0,125.0,220.0,227.0,3000,AMD
294,CPU,65.0,65.0,143.0,291.0,2400,Intel
295,CPU,7.0,120.0,74.0,3800.0,2600,AMD
296,CPU,65.0,45.0,77.0,122.0,2800,AMD
297,CPU,130.0,89.0,144.0,69.0,1800,AMD
298,CPU,90.0,21.0,84.0,140.0,2100,Intel
299,CPU,32.0,35.0,81.0,382.0,2267,Intel
300,CPU,65.0,95.0,285.0,450.0,2100,AMD
301,CPU,14.0,180.0,213.0,9600.0,3500,AMD
302,CPU,130.0,92.0,146.0,55.0,2400,Intel
303,CPU,14.0,180.0,213.0,4800.0,2000,AMD
304,CPU,130.0,45.0,101.0,63.0,1533,AMD
305,CPU,32.0,65.0,131.0,504.0,3100,Intel
306,CPU,32.0,35.0,228.0,1178.0,1400,AMD
307,CPU,14.0,180.0,213.0,4800.0,2300,AMD
308,CPU,12.0,15.0,210.0,4940.0,2300,AMD
309,CPU,90.0,89.0,220.0,154.0,2600,AMD
310,CPU,90.0,89.0,220.0,154.0,2200,AMD
311,CPU,65.0,86.0,81.0,188.0,3200,Intel
312,CPU,45.0,65.0,117.0,410.0,3200,AMD
313,CPU,90.0,84.0,109.0,125.0,3060,Intel
314,CPU,130.0,82.0,193.0,106.0,1400,AMD
315,CPU,65.0,65.0,126.0,154.0,2400,AMD
316,CPU,130.0,30.0,131.0,55.0,1600,Intel
317,CPU,90.0,27.0,84.0,140.0,2260,Intel
318,CPU,32.0,100.0,228.0,1178.0,2900,AMD
319,CPU,32.0,35.0,131.0,504.0,2100,Intel
320,CPU,130.0,30.0,193.0,106.0,1400,AMD
321,CPU,32.0,65.0,315.0,1200.0,2600,AMD
322,CPU,32.0,35.0,81.0,384.0,2800,Intel
323,CPU,22.0,80.0,160.0,1400.0,1800,Intel
324,CPU,32.0,65.0,131.0,504.0,2800,Intel
325,CPU,32.0,80.0,216.0,1160.0,3200,Intel
326,CPU,65.0,65.0,77.0,105.0,1800,Intel
327,CPU,32.0,17.0,131.0,504.0,1600,Intel
328,CPU,45.0,95.0,169.0,300.0,3000,AMD
329,CPU,45.0,125.0,346.0,904.0,2800,AMD
330,CPU,14.0,65.0,192.0,4800.0,3200,AMD
331,CPU,130.0,45.0,101.0,63.0,2200,AMD
332,CPU,130.0,62.0,101.0,63.0,1833,AMD
333,CPU,32.0,95.0,315.0,1200.0,3200,AMD
334,CPU,65.0,45.0,126.0,154.0,2600,AMD
335,CPU,22.0,88.0,177.0,1400.0,3500,Intel
336,CPU,22.0,47.0,264.0,1400.0,1600,Intel
337,CPU,14.0,170.0,213.0,4800.0,2200,AMD
338,CPU,14.0,180.0,213.0,4800.0,2000,AMD
339,CPU,22.0,84.0,177.0,1400.0,3100,Intel
340,CPU,22.0,54.0,177.0,1400.0,3500,Intel
341,CPU,32.0,130.0,513.0,2600.0,2276,Intel
342,CPU,65.0,79.0,285.0,463.0,2000,AMD
343,CPU,130.0,89.0,217.0,55.0,3066,Intel
344,CPU,90.0,62.0,84.0,63.0,1800,AMD
345,CPU,90.0,62.0,103.0,81.0,1800,AMD
346,CPU,130.0,82.0,193.0,106.0,2000,AMD
347,CPU,14.0,35.0,148.0,4800.0,3500,AMD
348,CPU,65.0,95.0,285.0,450.0,2500,AMD
349,CPU,130.0,62.0,80.0,37.0,1500,AMD
350,CPU,180.0,69.0,217.0,42.0,1900,Intel
351,CPU,65.0,95.0,285.0,450.0,2300,AMD
352,CPU,130.0,51.0,80.0,37.0,1533,AMD
353,CPU,32.0,35.0,131.0,504.0,2500,Intel
354,CPU,130.0,68.0,101.0,63.0,1833,AMD
355,CPU,32.0,35.0,81.0,384.0,2000,Intel
356,CPU,32.0,73.0,81.0,382.0,2266,Intel
357,CPU,90.0,27.0,84.0,140.0,2000,Intel
358,CPU,32.0,45.0,315.0,1200.0,2800,AMD
359,CPU,90.0,67.0,83.0,69.0,2000,AMD
360,CPU,90.0,135.0,213.0,200.0,2800,Intel
361,CPU,32.0,35.0,246.0,1178.0,2100,AMD
362,CPU,130.0,35.0,131.0,55.0,2500,Intel
363,CPU,7.0,225.0,74.0,3800.0,2900,AMD
364,CPU,90.0,62.0,183.0,154.0,1800,AMD
365,CPU,130.0,32.0,131.0,55.0,1900,Intel
366,CPU,65.0,65.0,126.0,154.0,1900,AMD
367,CPU,7.0,180.0,74.0,3800.0,2800,AMD
368,CPU,45.0,95.0,296.0,774.0,3066,Intel
369,CPU,45.0,35.0,107.0,410.0,2300,Intel
370,CPU,32.0,73.0,81.0,382.0,3200,Intel
371,CPU,130.0,85.0,193.0,106.0,1800,AMD
372,CPU,90.0,115.0,109.0,125.0,2800,Intel
373,CPU,7.0,280.0,74.0,3800.0,2600,AMD
374,CPU,45.0,80.0,258.0,758.0,3000,AMD
375,CPU,90.0,45.0,3.0,154.0,2200,AMD
376,CPU,130.0,89.0,193.0,106.0,2200,AMD
377,CPU,32.0,35.0,149.0,624.0,2200,Intel
378,CPU,22.0,84.0,177.0,1400.0,3400,Intel
379,CPU,45.0,95.0,169.0,300.0,3200,AMD
380,CPU,32.0,95.0,216.0,1160.0,3200,Intel
381,CPU,90.0,125.0,235.0,227.0,3200,AMD
382,CPU,22.0,115.0,160.0,1400.0,2500,Intel
383,CPU,65.0,95.0,285.0,450.0,2800,AMD
384,CPU,90.0,62.0,84.0,63.0,1600,AMD
385,CPU,7.0,200.0,74.0,3800.0,2000,AMD
386,CPU,45.0,65.0,104.0,410.0,3000,Intel
387,CPU,45.0,60.0,263.0,731.0,2133,Intel
388,CPU,130.0,89.0,193.0,106.0,2200,AMD
389,CPU,22.0,35.0,177.0,1400.0,3000,Intel
390,CPU,32.0,95.0,315.0,1200.0,2800,AMD
391,CPU,14.0,180.0,213.0,9600.0,3200,AMD
392,CPU,130.0,82.0,193.0,106.0,1800,AMD
393,CPU,130.0,82.0,193.0,106.0,1800,AMD
394,CPU,45.0,2.0,26.0,47.0,2133,Intel
395,CPU,32.0,65.0,131.0,504.0,2800,Intel
396,CPU,45.0,95.0,258.0,758.0,2800,AMD
397,CPU,32.0,35.0,315.0,1200.0,2200,AMD
398,CPU,32.0,65.0,131.0,504.0,2400,Intel
399,CPU,14.0,65.0,192.0,4800.0,3500,AMD
400,CPU,45.0,95.0,346.0,904.0,2900,AMD
401,CPU,45.0,65.0,82.0,228.0,2500,Intel
402,CPU,130.0,89.0,193.0,106.0,2400,AMD
403,CPU,65.0,65.0,285.0,450.0,1800,AMD
404,CPU,90.0,27.0,84.0,140.0,2130,Intel
405,CPU,45.0,95.0,82.0,456.0,2333,Intel
406,CPU,90.0,67.0,84.0,69.0,2000,AMD
407,CPU,45.0,65.0,258.0,758.0,2600,AMD
408,CPU,45.0,10.0,66.0,123.0,1834,Intel
409,CPU,65.0,31.0,90.0,151.0,1826,Intel
410,CPU,130.0,26.0,131.0,55.0,1500,Intel
411,CPU,130.0,89.0,217.0,55.0,2660,Intel
412,CPU,90.0,73.0,109.0,125.0,2530,Intel
413,CPU,65.0,65.0,77.0,105.0,2000,Intel
414,CPU,32.0,45.0,228.0,1178.0,1800,AMD
415,CPU,45.0,95.0,258.0,758.0,3000,AMD
416,CPU,45.0,2.0,26.0,47.0,2000,Intel
417,CPU,45.0,95.0,169.0,300.0,2600,AMD
418,CPU,14.0,180.0,213.0,9600.0,3400,AMD
419,CPU,22.0,80.0,160.0,1400.0,2200,Intel
420,CPU,32.0,35.0,246.0,1178.0,2900,AMD
421,CPU,65.0,95.0,285.0,450.0,2200,AMD
422,CPU,45.0,65.0,82.0,228.0,2533,Intel
423,CPU,90.0,88.0,112.0,125.0,3467,Intel
424,CPU,32.0,130.0,435.0,2270.0,2400,Intel
425,CPU,45.0,65.0,82.0,228.0,2700,Intel
426,CPU,32.0,20.0,131.0,504.0,2200,Intel
427,CPU,45.0,80.0,258.0,758.0,3400,AMD
428,CPU,90.0,35.0,125.0,114.0,1800,AMD
429,CPU,65.0,15.0,90.0,151.0,1666,Intel
430,CPU,90.0,84.0,109.0,125.0,2930,Intel
431,CPU,180.0,55.0,217.0,42.0,1400,Intel
432,CPU,32.0,65.0,131.0,504.0,3000,Intel
433,CPU,90.0,135.0,135.0,155.0,3000,Intel
434,CPU,130.0,89.0,193.0,105.0,2400,AMD
435,CPU,32.0,15.0,246.0,1178.0,1650,AMD
436,CPU,65.0,25.0,77.0,122.0,2000,AMD
437,CPU,130.0,68.0,101.0,63.0,1917,AMD
438,CPU,22.0,69.0,160.0,1400.0,3500,Intel
439,CPU,130.0,50.0,80.0,37.0,1467,AMD
440,CPU,130.0,89.0,193.0,106.0,2400,AMD
441,CPU,45.0,95.0,107.0,820.0,2666,Intel
442,CPU,22.0,77.0,160.0,1400.0,3400,Intel
443,CPU,90.0,67.0,83.0,69.0,2200,AMD
444,CPU,90.0,135.0,135.0,155.0,3200,Intel
445,CPU,65.0,86.0,81.0,188.0,3400,Intel
446,CPU,45.0,4.0,26.0,47.0,1600,Intel
447,CPU,45.0,25.0,117.0,410.0,1600,AMD
448,CPU,90.0,84.0,109.0,125.0,2660,Intel
449,CPU,90.0,84.0,109.0,125.0,2800,Intel
450,CPU,14.0,180.0,213.0,9600.0,3500,AMD
451,CPU,32.0,80.0,216.0,1160.0,3300,Intel
452,CPU,130.0,24.0,100.0,77.0,1400,Intel
453,CPU,32.0,80.0,239.0,1170.0,2533,Intel
454,CPU,32.0,17.0,149.0,624.0,1700,Intel
455,CPU,22.0,12.0,118.0,1400.0,1400,Intel
456,CPU,32.0,35.0,131.0,504.0,2200,Intel
457,CPU,28.0,65.0,246.0,1178.0,3500,AMD
458,CPU,90.0,25.0,125.0,114.0,1800,AMD
459,CPU,65.0,45.0,77.0,122.0,2400,AMD
460,CPU,32.0,45.0,216.0,1160.0,2200,Intel
461,CPU,130.0,82.0,193.0,106.0,1400,AMD
462,CPU,7.0,200.0,74.0,3800.0,2200,AMD
463,CPU,90.0,84.0,109.0,125.0,2800,Intel
464,CPU,90.0,67.0,84.0,69.0,2200,AMD
465,CPU,130.0,62.0,193.0,106.0,1800,AMD
466,CPU,65.0,95.0,285.0,450.0,2500,AMD
467,CPU,130.0,30.0,131.0,55.0,1700,Intel
468,CPU,90.0,35.0,103.0,81.0,1800,AMD
469,CPU,45.0,65.0,117.0,410.0,3400,AMD
470,CPU,45.0,13.0,66.0,176.0,1834,Intel
471,CPU,7.0,200.0,74.0,3800.0,2000,AMD
472,CPU,22.0,35.0,177.0,1400.0,2600,Intel
473,CPU,22.0,130.0,257.0,1860.0,3400,Intel
474,CPU,130.0,45.0,101.0,63.0,1800,AMD
475,CPU,130.0,89.0,193.0,106.0,2000,AMD
476,CPU,45.0,80.0,263.0,731.0,2266,Intel
477,CPU,90.0,35.0,125.0,114.0,2400,AMD
478,CPU,14.0,65.0,192.0,4800.0,3200,AMD
479,CPU,22.0,54.0,177.0,1400.0,2800,Intel
480,CPU,22.0,47.0,264.0,1400.0,2400,Intel
481,CPU,90.0,125.0,235.0,227.0,2800,AMD
482,CPU,45.0,3.0,65.0,140.0,1500,Intel
483,CPU,32.0,35.0,149.0,624.0,2100,Intel
484,CPU,90.0,110.0,156.0,154.0,2400,AMD
485,CPU,32.0,73.0,81.0,382.0,3333,Intel
486,CPU,32.0,35.0,228.0,1178.0,1800,AMD
487,CPU,32.0,95.0,315.0,1200.0,3300,AMD
488,CPU,130.0,60.0,80.0,37.0,1667,AMD
489,CPU,65.0,65.0,77.0,105.0,1600,Intel
490,CPU,32.0,65.0,131.0,504.0,3100,Intel
491,CPU,130.0,62.0,80.0,37.0,1667,AMD
492,CPU,32.0,35.0,131.0,504.0,1800,Intel
493,CPU,22.0,15.0,118.0,1400.0,1400,Intel
494,CPU,32.0,40.0,239.0,1170.0,1866,Intel
495,CPU,90.0,62.0,183.0,154.0,2000,AMD
496,CPU,12.0,250.0,213.0,19200.0,3000,AMD
497,CPU,28.0,15.0,124.0,1200.0,3000,AMD
498,CPU,130.0,82.0,193.0,106.0,2400,AMD
499,CPU,90.0,84.0,109.0,125.0,2800,Intel
500,CPU,45.0,65.0,258.0,758.0,2400,AMD
501,CPU,22.0,130.0,160.0,1400.0,3500,Intel
502,CPU,45.0,140.0,258.0,758.0,3400,AMD
503,CPU,14.0,180.0,213.0,9600.0,3200,AMD
504,CPU,45.0,45.0,169.0,300.0,2300,AMD
505,CPU,12.0,15.0,210.0,4940.0,2300,AMD
506,CPU,180.0,72.0,120.0,37.0,1400,AMD
507,CPU,45.0,125.0,258.0,758.0,3400,AMD
508,CPU,65.0,65.0,118.0,221.0,2000,AMD
509,CPU,130.0,55.0,193.0,106.0,2000,AMD
510,CPU,7.0,25.0,156.0,9800.0,1800,AMD
511,CPU,45.0,80.0,258.0,758.0,3500,AMD
512,CPU,130.0,82.0,193.0,106.0,1600,AMD
513,CPU,32.0,25.0,246.0,1178.0,1700,AMD
514,CPU,130.0,89.0,193.0,69.0,1800,AMD
515,CPU,90.0,67.0,83.0,69.0,2200,AMD
516,CPU,90.0,89.0,220.0,154.0,2800,AMD
517,CPU,32.0,65.0,228.0,1178.0,2100,AMD
518,CPU,32.0,15.0,246.0,1178.0,1500,AMD
519,CPU,45.0,95.0,258.0,758.0,2500,AMD
520,CPU,32.0,35.0,81.0,382.0,2534,Intel
521,CPU,14.0,35.0,192.0,4800.0,3200,AMD
522,CPU,32.0,115.0,315.0,2400.0,2400,AMD
523,CPU,130.0,30.0,193.0,106.0,1400,AMD
524,CPU,45.0,2.0,26.0,47.0,1867,Intel
525,CPU,7.0,180.0,74.0,3800.0,2500,AMD
526,CPU,45.0,80.0,263.0,731.0,2266,Intel
527,CPU,90.0,84.0,109.0,125.0,3060,Intel
528,CPU,130.0,89.0,193.0,106.0,2200,AMD
529,CPU,45.0,65.0,117.0,410.0,2900,AMD
530,CPU,45.0,95.0,169.0,300.0,3200,AMD
531,CPU,65.0,95.0,435.0,1328.0,2500,Intel
532,CPU,32.0,35.0,149.0,624.0,2400,Intel
533,CPU,32.0,85.0,316.0,2400.0,1600,AMD
534,CPU,28.0,65.0,246.0,1178.0,3100,AMD
535,CPU,22.0,150.0,160.0,1400.0,2300,Intel
536,CPU,14.0,170.0,213.0,4800.0,2100,AMD
537,CPU,90.0,84.0,109.0,125.0,2933,Intel
538,CPU,130.0,82.0,193.0,106.0,1800,AMD
539,CPU,65.0,65.0,285.0,450.0,1800,AMD
540,CPU,22.0,95.0,160.0,1400.0,2500,Intel
541,CPU,90.0,59.0,1.0,154.0,2400,AMD
542,CPU,7.0,240.0,74.0,3800.0,3200,AMD
543,CPU,28.0,65.0,246.0,1178.0,3500,AMD
544,CPU,14.0,65.0,192.0,4800.0,3000,AMD
545,CPU,32.0,17.0,246.0,1178.0,2000,AMD
546,CPU,45.0,65.0,82.0,228.0,3067,Intel
547,CPU,90.0,45.0,3.0,154.0,2400,AMD
548,CPU,22.0,37.0,118.0,1400.0,2000,Intel
549,CPU,130.0,51.0,80.0,37.0,1533,AMD
550,CPU,22.0,47.0,264.0,1400.0,2800,Intel
551,CPU,45.0,95.0,82.0,456.0,2500,Intel
552,CPU,45.0,65.0,82.0,228.0,2933,Intel
553,CPU,90.0,88.0,112.0,125.0,3067,Intel
554,CPU,45.0,65.0,107.0,410.0,2833,Intel
555,CPU,130.0,68.0,80.0,37.0,2083,AMD
556,CPU,45.0,95.0,258.0,758.0,3200,AMD
557,CPU,130.0,68.0,101.0,63.0,2083,AMD
558,CPU,130.0,89.0,193.0,105.0,2400,AMD
559,CPU,45.0,95.0,169.0,300.0,3300,AMD
560,CPU,130.0,89.0,193.0,106.0,2200,AMD
561,CPU,7.0,155.0,74.0,3800.0,2200,AMD
562,CPU,45.0,130.0,263.0,731.0,3066,Intel
563,CPU,32.0,35.0,81.0,382.0,2400,Intel
564,CPU,90.0,84.0,109.0,125.0,2800,Intel
565,CPU,45.0,80.0,258.0,758.0,3200,AMD
566,CPU,90.0,27.0,84.0,140.0,1730,Intel
567,CPU,65.0,95.0,285.0,450.0,2500,AMD
568,CPU,22.0,115.0,160.0,1400.0,2000,Intel
569,CPU,14.0,95.0,160.0,1400.0,3500,Intel
570,CPU,32.0,65.0,228.0,1178.0,2700,AMD
571,CPU,7.0,105.0,74.0,3800.0,3500,AMD
572,CPU,130.0,62.0,193.0,106.0,1800,AMD
573,CPU,12.0,65.0,192.0,4800.0,3400,AMD
574,CPU,22.0,100.0,160.0,1400.0,2200,Intel
575,CPU,32.0,130.0,435.0,2270.0,3200,Intel
576,CPU,130.0,73.0,146.0,55.0,2000,Intel
577,CPU,45.0,95.0,82.0,456.0,2500,Intel
578,CPU,32.0,73.0,81.0,382.0,2800,Intel
579,CPU,130.0,66.0,131.0,55.0,2667,Intel
580,CPU,22.0,45.0,160.0,1480.0,2400,Intel
581,CPU,32.0,95.0,216.0,1160.0,3500,Intel
582,CPU,130.0,89.0,193.0,106.0,2400,AMD
583,CPU,7.0,35.0,156.0,9800.0,3000,AMD
584,CPU,90.0,51.0,84.0,69.0,2000,AMD
585,CPU,65.0,35.0,143.0,293.0,2333,Intel
586,CPU,22.0,25.0,118.0,1400.0,1600,Intel
587,CPU,65.0,65.0,285.0,450.0,2100,AMD
588,CPU,32.0,35.0,131.0,504.0,2600,Intel
589,CPU,90.0,115.0,109.0,125.0,3400,Intel
590,CPU,45.0,95.0,258.0,758.0,2600,AMD
591,CPU,22.0,165.0,160.0,1400.0,2500,Intel
592,CPU,45.0,65.0,82.0,228.0,3200,Intel
593,CPU,45.0,130.0,263.0,731.0,2800,Intel
594,CPU,130.0,55.0,193.0,106.0,2000,AMD
595,CPU,65.0,95.0,285.0,450.0,2400,AMD
596,CPU,32.0,65.0,228.0,1178.0,2200,AMD
597,CPU,32.0,17.0,246.0,1178.0,2200,AMD
598,CPU,28.0,95.0,246.0,1178.0,3500,AMD
599,CPU,90.0,65.0,220.0,154.0,2000,AMD
600,CPU,12.0,15.0,210.0,4940.0,2100,AMD
601,CPU,180.0,61.0,217.0,42.0,1600,Intel
602,CPU,22.0,35.0,177.0,1400.0,2800,Intel
603,CPU,90.0,115.0,109.0,125.0,3000,Intel
604,CPU,32.0,65.0,131.0,504.0,3300,Intel
605,CPU,130.0,24.0,100.0,77.0,1600,Intel
606,CPU,90.0,84.0,109.0,125.0,3200,Intel
607,CPU,130.0,62.0,193.0,106.0,2000,AMD
608,CPU,65.0,95.0,140.0,376.0,3000,Intel
609,CPU,45.0,45.0,169.0,300.0,2200,AMD
610,CPU,22.0,15.0,118.0,1300.0,1700,Intel
611,CPU,65.0,45.0,77.0,122.0,2700,AMD
612,CPU,130.0,62.0,80.0,37.0,1667,AMD
613,CPU,90.0,35.0,125.0,114.0,2000,AMD
614,CPU,65.0,35.0,111.0,293.0,2000,Intel
615,CPU,22.0,15.0,118.0,1400.0,1700,Intel
616,CPU,180.0,55.0,217.0,42.0,1400,Intel
617,CPU,45.0,3.0,26.0,47.0,1600,Intel
618,CPU,32.0,35.0,246.0,1178.0,2100,AMD
619,CPU,90.0,65.0,220.0,154.0,2000,AMD
620,CPU,28.0,6.0,124.0,1200.0,1800,AMD
621,CPU,130.0,24.0,100.0,77.0,1500,Intel
622,CPU,130.0,25.0,144.0,69.0,1600,AMD
623,CPU,45.0,35.0,107.0,410.0,2000,Intel
624,CPU,65.0,65.0,143.0,291.0,1866,Intel
625,CPU,65.0,65.0,126.0,154.0,2100,AMD
626,CPU,130.0,45.0,101.0,63.0,2000,AMD
627,CPU,65.0,95.0,140.0,376.0,3200,Intel
628,CPU,180.0,72.0,150.0,37.0,1733,AMD
629,CPU,32.0,35.0,131.0,504.0,2500,Intel
630,CPU,65.0,31.0,90.0,151.0,1600,Intel
631,CPU,130.0,89.0,193.0,105.0,2000,AMD
632,CPU,22.0,54.0,177.0,1400.0,3000,Intel
633,CPU,90.0,84.0,109.0,125.0,2933,Intel
634,CPU,45.0,130.0,263.0,731.0,2933,Intel
635,CPU,65.0,65.0,143.0,291.0,2133,Intel
636,CPU,45.0,35.0,107.0,410.0,2200,Intel
637,CPU,32.0,45.0,228.0,1178.0,1700,AMD
638,CPU,180.0,70.0,150.0,37.0,1667,AMD
639,CPU,45.0,130.0,263.0,731.0,3200,Intel
640,CPU,32.0,130.0,239.0,1170.0,2933,Intel
641,CPU,32.0,55.0,216.0,1160.0,2700,Intel
642,CPU,45.0,65.0,107.0,410.0,3166,Intel
643,CPU,65.0,65.0,118.0,221.0,1800,AMD
644,CPU,65.0,65.0,77.0,105.0,1600,Intel
645,CPU,14.0,170.0,213.0,4800.0,2500,AMD
646,CPU,130.0,45.0,101.0,63.0,1862,AMD
647,CPU,32.0,25.0,246.0,1178.0,2000,AMD
648,CPU,32.0,100.0,228.0,1178.0,2700,AMD
649,CPU,28.0,15.0,124.0,1200.0,3100,AMD
650,CPU,22.0,47.0,264.0,1400.0,2200,Intel
651,CPU,32.0,17.0,246.0,1303.0,1900,AMD
652,CPU,45.0,130.0,263.0,731.0,2933,Intel
653,CPU,32.0,65.0,246.0,1178.0,3400,AMD
654,CPU,28.0,10.0,124.0,1200.0,2400,AMD
655,CPU,130.0,62.0,101.0,63.0,2000,AMD
656,CPU,45.0,65.0,82.0,228.0,2200,Intel
657,CPU,65.0,35.0,111.0,293.0,1800,Intel
658,CPU,32.0,115.0,315.0,2400.0,2800,AMD
659,CPU,90.0,135.0,213.0,200.0,2667,Intel
660,CPU,90.0,62.0,84.0,63.0,1800,AMD
661,CPU,45.0,9.0,87.0,176.0,1500,Intel
662,CPU,32.0,35.0,246.0,1178.0,2300,AMD
663,CPU,32.0,35.0,149.0,624.0,2400,Intel
664,CPU,22.0,130.0,160.0,1400.0,3300,Intel
665,CPU,45.0,65.0,82.0,456.0,2666,Intel
666,CPU,65.0,95.0,140.0,376.0,2800,Intel
667,CPU,65.0,95.0,285.0,450.0,2400,AMD
668,CPU,45.0,95.0,258.0,758.0,3000,AMD
669,CPU,22.0,69.0,160.0,1400.0,3100,Intel
670,CPU,90.0,84.0,109.0,125.0,2933,Intel
671,CPU,22.0,130.0,160.0,1400.0,2700,Intel
672,CPU,65.0,95.0,435.0,1328.0,3000,Intel
673,CPU,65.0,15.0,90.0,151.0,1500,Intel
674,CPU,45.0,95.0,296.0,774.0,2666,Intel
675,CPU,22.0,35.0,177.0,1400.0,2900,Intel
676,CPU,130.0,49.0,80.0,37.0,1400,AMD
677,CPU,12.0,15.0,210.0,4940.0,2100,AMD
678,CPU,130.0,89.0,144.0,105.0,2400,AMD
679,CPU,45.0,10.0,66.0,123.0,1667,Intel
680,CPU,45.0,60.0,263.0,731.0,2266,Intel
681,CPU,90.0,89.0,156.0,154.0,2200,AMD
682,CPU,130.0,110.0,237.0,178.0,3460,Intel
683,CPU,65.0,35.0,143.0,293.0,2200,Intel
684,CPU,32.0,130.0,239.0,1170.0,3200,Intel
685,CPU,32.0,35.0,131.0,504.0,1900,Intel
686,CPU,45.0,45.0,169.0,300.0,2300,AMD
687,CPU,32.0,35.0,131.0,504.0,2600,Intel
688,CPU,45.0,45.0,117.0,410.0,2900,AMD
689,CPU,90.0,84.0,109.0,125.0,3060,Intel
690,CPU,65.0,65.0,111.0,167.0,2000,Intel
691,CPU,180.0,72.0,120.0,37.0,1400,AMD
692,CPU,22.0,130.0,160.0,1400.0,3500,Intel
693,CPU,22.0,115.0,160.0,1400.0,2200,Intel
694,CPU,22.0,54.0,177.0,1400.0,3200,Intel
695,CPU,22.0,84.0,177.0,1400.0,3300,Intel
696,CPU,130.0,89.0,193.0,105.0,2200,AMD
697,CPU,22.0,80.0,160.0,1400.0,2600,Intel
698,CPU,45.0,65.0,104.0,410.0,2667,Intel
699,CPU,32.0,35.0,131.0,504.0,2400,Intel
700,CPU,45.0,5.0,107.0,410.0,1400,Intel
701,CPU,14.0,35.0,192.0,4800.0,3400,AMD
702,CPU,130.0,25.0,144.0,69.0,1600,AMD
703,CPU,45.0,95.0,169.0,300.0,2700,AMD
704,CPU,90.0,59.0,1.0,154.0,2600,AMD
705,CPU,90.0,135.0,135.0,155.0,3400,Intel
706,CPU,45.0,95.0,169.0,300.0,3100,AMD
707,CPU,28.0,45.0,246.0,1178.0,3500,AMD
708,CPU,14.0,125.0,213.0,9600.0,3100,AMD
709,CPU,90.0,35.0,220.0,154.0,2000,AMD
710,CPU,32.0,95.0,435.0,2270.0,2200,Intel
711,CPU,65.0,35.0,143.0,293.0,2600,Intel
712,CPU,130.0,85.0,193.0,106.0,1800,AMD
713,CPU,130.0,24.0,100.0,77.0,1700,Intel
714,CPU,22.0,140.0,160.0,1400.0,2100,Intel
715,CPU,45.0,45.0,169.0,300.0,2200,AMD
716,CPU,45.0,65.0,82.0,228.0,2600,Intel
717,CPU,130.0,82.0,193.0,106.0,1400,AMD
718,CPU,45.0,45.0,117.0,234.0,2800,AMD
719,CPU,90.0,27.0,84.0,140.0,1600,Intel
720,CPU,130.0,73.0,146.0,55.0,2000,Intel
721,CPU,130.0,97.0,237.0,286.0,3066,Intel
722,CPU,130.0,82.0,193.0,106.0,1600,AMD
723,CPU,32.0,95.0,239.0,1170.0,2666,Intel
724,CPU,32.0,65.0,228.0,1178.0,2500,AMD
725,CPU,32.0,130.0,513.0,2600.0,2000,Intel
726,CPU,90.0,65.0,220.0,154.0,2000,AMD
727,CPU,32.0,40.0,239.0,1170.0,2133,Intel
728,CPU,90.0,84.0,109.0,125.0,2800,Intel
729,CPU,65.0,35.0,77.0,105.0,2000,Intel
730,CPU,90.0,84.0,109.0,125.0,2930,Intel
731,CPU,90.0,21.0,84.0,140.0,2000,Intel
732,CPU,130.0,82.0,193.0,106.0,1600,AMD
733,CPU,130.0,62.0,101.0,63.0,1500,AMD
734,CPU,22.0,37.0,118.0,1400.0,2400,Intel
735,CPU,32.0,65.0,246.0,1178.0,3200,AMD
736,CPU,130.0,35.0,193.0,106.0,1800,AMD
737,CPU,45.0,95.0,263.0,731.0,2933,Intel
738,CPU,45.0,130.0,263.0,731.0,3200,Intel
739,CPU,90.0,104.0,115.0,114.0,2800,AMD
740,CPU,32.0,35.0,246.0,1178.0,2700,AMD
741,CPU,45.0,65.0,107.0,420.0,2667,Intel
742,CPU,65.0,95.0,285.0,450.0,2300,AMD
743,CPU,130.0,50.0,80.0,37.0,1467,AMD
744,CPU,90.0,35.0,103.0,81.0,2000,AMD
745,CPU,32.0,65.0,131.0,504.0,2700,Intel
746,CPU,45.0,65.0,82.0,228.0,2933,Intel
747,CPU,22.0,65.0,160.0,1480.0,2700,Intel
748,CPU,90.0,84.0,109.0,169.0,3200,Intel
749,CPU,14.0,35.0,192.0,4800.0,3400,AMD
750,CPU,45.0,125.0,258.0,758.0,3500,AMD
751,CPU,45.0,80.0,263.0,731.0,2133,Intel
752,CPU,7.0,280.0,74.0,3800.0,2700,AMD
753,CPU,90.0,84.0,109.0,125.0,2933,Intel
754,CPU,45.0,25.0,117.0,410.0,2000,AMD
755,CPU,90.0,67.0,84.0,69.0,1800,AMD
756,CPU,32.0,60.0,239.0,1170.0,2266,Intel
757,CPU,28.0,6.0,124.0,1200.0,1600,AMD
758,CPU,130.0,82.0,193.0,106.0,1800,AMD
759,CPU,32.0,35.0,131.0,504.0,1800,Intel
760,CPU,90.0,62.0,103.0,81.0,1600,AMD
761,CPU,90.0,65.0,220.0,154.0,2600,AMD
762,CPU,90.0,45.0,230.0,227.0,2600,AMD
763,CPU,90.0,89.0,199.0,233.0,2200,AMD
764,CPU,65.0,95.0,435.0,1328.0,3000,Intel
765,CPU,45.0,95.0,258.0,758.0,2600,AMD
766,CPU,90.0,84.0,109.0,125.0,2933,Intel
767,CPU,45.0,45.0,117.0,410.0,2800,AMD
768,CPU,32.0,45.0,228.0,1178.0,1900,AMD
769,CPU,45.0,95.0,82.0,456.0,2666,Intel
770,CPU,22.0,115.0,160.0,1400.0,2800,Intel
771,CPU,90.0,67.0,84.0,69.0,2400,AMD
772,CPU,90.0,65.0,220.0,154.0,2400,AMD
773,CPU,32.0,115.0,315.0,2400.0,2500,AMD
774,CPU,45.0,95.0,169.0,300.0,2800,AMD
775,CPU,65.0,65.0,126.0,154.0,2200,AMD
776,CPU,90.0,88.0,112.0,125.0,3334,Intel
777,CPU,130.0,110.0,146.0,55.0,2400,Intel
778,CPU,45.0,45.0,169.0,300.0,2600,AMD
779,CPU,45.0,82.0,296.0,774.0,2400,Intel
780,CPU,45.0,95.0,346.0,904.0,2700,AMD
781,CPU,22.0,15.0,118.0,1400.0,1700,Intel
782,CPU,65.0,45.0,126.0,154.0,2500,AMD
783,CPU,32.0,65.0,131.0,504.0,3400,Intel
784,CPU,22.0,54.0,177.0,1400.0,2700,Intel
785,CPU,130.0,85.0,193.0,106.0,1800,AMD
786,CPU,22.0,130.0,160.0,1400.0,3500,Intel
787,CPU,22.0,15.0,118.0,1400.0,1400,Intel
788,CPU,45.0,65.0,258.0,758.0,2500,AMD
789,CPU,130.0,62.0,80.0,37.0,1833,AMD
790,CPU,32.0,65.0,131.0,504.0,3300,Intel
791,CPU,32.0,65.0,131.0,504.0,2600,Intel
792,CPU,22.0,115.0,160.0,1400.0,2000,Intel
793,CPU,22.0,115.0,160.0,1400.0,1900,Intel
794,CPU,22.0,47.0,264.0,1400.0,2500,Intel
795,CPU,90.0,62.0,103.0,81.0,1800,AMD
796,CPU,45.0,95.0,169.0,300.0,2900,AMD
797,CPU,22.0,77.0,160.0,1400.0,3200,Intel
798,CPU,32.0,95.0,315.0,1200.0,3300,AMD
799,CPU,90.0,89.0,156.0,154.0,2000,AMD
800,CPU,130.0,35.0,193.0,106.0,1600,AMD
801,CPU,22.0,70.0,160.0,1400.0,1700,Intel
802,CPU,32.0,87.0,81.0,382.0,3333,Intel
803,CPU,90.0,89.0,83.0,69.0,2400,AMD
804,CPU,32.0,73.0,81.0,382.0,2800,Intel
805,CPU,130.0,62.0,101.0,63.0,1583,AMD
806,CPU,45.0,95.0,258.0,758.0,2800,AMD
807,CPU,130.0,85.0,193.0,106.0,1600,AMD
808,CPU,7.0,280.0,74.0,3800.0,3500,AMD
809,CPU,65.0,65.0,111.0,167.0,2600,Intel
810,CPU,32.0,35.0,149.0,624.0,2200,Intel
811,CPU,45.0,95.0,296.0,774.0,2933,Intel
812,CPU,130.0,85.0,193.0,106.0,1600,AMD
813,CPU,65.0,27.0,90.0,151.0,1833,Intel
814,CPU,90.0,89.0,199.0,233.0,2400,AMD
815,CPU,32.0,35.0,228.0,1178.0,1900,AMD
816,CPU,12.0,65.0,192.0,4800.0,3100,AMD
817,CPU,22.0,28.0,118.0,1300.0,2800,Intel
818,CPU,22.0,55.0,160.0,1400.0,3000,Intel
819,CPU,45.0,130.0,263.0,731.0,2400,Intel
820,CPU,90.0,51.0,84.0,69.0,2000,AMD
821,CPU,130.0,110.0,237.0,178.0,3400,Intel
822,CPU,65.0,95.0,285.0,450.0,2100,AMD
823,CPU,32.0,73.0,81.0,382.0,2933,Intel
824,CPU,32.0,100.0,228.0,1178.0,2800,AMD
825,CPU,90.0,62.0,84.0,63.0,2000,AMD
826,CPU,22.0,15.0,118.0,1300.0,1500,Intel
827,CPU,130.0,82.0,193.0,106.0,1800,AMD
828,CPU,32.0,35.0,149.0,624.0,2300,Intel
829,CPU,130.0,82.0,193.0,106.0,1800,AMD
830,CPU,32.0,130.0,239.0,1170.0,3333,Intel
831,CPU,45.0,95.0,346.0,904.0,3000,AMD
832,CPU,7.0,54.0,156.0,9800.0,3200,AMD
833,CPU,90.0,84.0,109.0,125.0,2800,Intel
834,CPU,12.0,15.0,210.0,4940.0,2300,AMD
835,CPU,45.0,80.0,258.0,758.0,3000,AMD
836,CPU,65.0,95.0,143.0,582.0,2666,Intel
837,CPU,22.0,47.0,264.0,1400.0,2500,Intel
838,CPU,45.0,45.0,117.0,410.0,2700,AMD
839,CPU,90.0,21.0,84.0,140.0,1700,Intel
840,CPU,65.0,89.0,126.0,154.0,3000,AMD
841,CPU,90.0,84.0,109.0,125.0,2660,Intel
842,CPU,45.0,95.0,107.0,820.0,3000,Intel
843,CPU,32.0,35.0,81.0,382.0,2534,Intel
844,CPU,32.0,45.0,216.0,1160.0,2400,Intel
845,CPU,45.0,65.0,82.0,228.0,3200,Intel
846,CPU,90.0,89.0,220.0,154.0,2200,AMD
847,CPU,32.0,65.0,131.0,504.0,2900,Intel
848,CPU,22.0,54.0,177.0,1400.0,3500,Intel
849,CPU,45.0,125.0,258.0,758.0,2000,AMD
850,CPU,45.0,95.0,258.0,758.0,2800,AMD
851,CPU,12.0,65.0,192.0,4800.0,3200,AMD
852,CPU,45.0,150.0,107.0,820.0,3200,Intel
853,CPU,90.0,59.0,1.0,154.0,2200,AMD
854,CPU,65.0,150.0,435.0,1328.0,3333,Intel
855,CPU,65.0,65.0,143.0,291.0,2667,Intel
856,CPU,130.0,110.0,237.0,178.0,3200,Intel
857,CPU,45.0,65.0,82.0,228.0,3333,Intel
858,CPU,45.0,65.0,117.0,410.0,3300,AMD
859,CPU,65.0,95.0,285.0,450.0,2200,AMD
860,CPU,90.0,22.0,125.0,114.0,1600,AMD
861,CPU,45.0,130.0,263.0,731.0,3066,Intel
862,CPU,14.0,120.0,213.0,4800.0,2100,AMD
863,CPU,7.0,35.0,156.0,9800.0,3000,AMD
864,CPU,32.0,25.0,246.0,1178.0,2000,AMD
865,CPU,22.0,45.0,160.0,1400.0,2500,Intel
866,CPU,22.0,54.0,177.0,1400.0,2200,Intel
867,CPU,45.0,65.0,82.0,228.0,2700,Intel
868,CPU,130.0,68.0,101.0,63.0,1833,AMD
869,CPU,32.0,100.0,228.0,1178.0,2600,AMD
870,CPU,90.0,89.0,156.0,154.0,2000,AMD
871,CPU,130.0,89.0,193.0,106.0,2200,AMD
872,CPU,32.0,45.0,216.0,1160.0,2200,Intel
873,CPU,45.0,95.0,346.0,904.0,2600,AMD
874,CPU,90.0,62.0,84.0,63.0,2000,AMD
875,CPU,90.0,35.0,183.0,154.0,2200,AMD
876,CPU,14.0,65.0,192.0,4800.0,3200,AMD
877,CPU,130.0,89.0,144.0,69.0,2000,AMD
878,CPU,130.0,32.0,144.0,69.0,1800,AMD
879,CPU,90.0,25.0,125.0,114.0,2200,AMD
880,CPU,32.0,95.0,239.0,1170.0,3066,Intel
881,CPU,32.0,17.0,131.0,504.0,1500,Intel
882,CPU,65.0,125.0,285.0,450.0,2600,AMD
883,CPU,45.0,45.0,169.0,300.0,2700,AMD
884,CPU,130.0,45.0,101.0,63.0,1800,AMD
885,CPU,45.0,130.0,263.0,731.0,3200,Intel
886,CPU,65.0,65.0,77.0,105.0,2000,Intel
887,CPU,32.0,80.0,239.0,1170.0,2666,Intel
888,CPU,32.0,35.0,228.0,1178.0,2100,AMD
889,CPU,7.0,25.0,156.0,9800.0,2700,AMD
890,CPU,90.0,73.0,109.0,125.0,3060,Intel
891,CPU,90.0,35.0,103.0,81.0,1600,AMD
892,CPU,65.0,45.0,77.0,122.0,2700,AMD
893,CPU,130.0,89.0,193.0,106.0,2200,AMD
894,CPU,32.0,35.0,131.0,504.0,2100,Intel
895,CPU,45.0,45.0,169.0,300.0,2500,AMD
896,CPU,130.0,68.0,131.0,55.0,2800,Intel
897,CPU,32.0,35.0,81.0,384.0,2800,Intel
898,CPU,32.0,130.0,239.0,1170.0,3466,Intel
899,CPU,130.0,63.0,80.0,37.0,1800,AMD
900,CPU,28.0,65.0,246.0,1178.0,3500,AMD
901,CPU,130.0,89.0,193.0,105.0,2400,AMD
902,CPU,22.0,65.0,177.0,1400.0,2900,Intel
903,CPU,130.0,89.0,193.0,106.0,2400,AMD
904,CPU,32.0,115.0,316.0,2400.0,2100,AMD
905,CPU,22.0,140.0,356.0,2600.0,3500,Intel
906,CPU,90.0,32.0,125.0,114.0,1600,AMD
907,CPU,22.0,37.0,118.0,1400.0,2400,Intel
908,CPU,130.0,35.0,131.0,55.0,2600,Intel
909,CPU,65.0,35.0,77.0,105.0,1800,Intel
910,CPU,130.0,82.0,193.0,106.0,1400,AMD
911,CPU,32.0,45.0,216.0,1160.0,2400,Intel
912,CPU,65.0,65.0,77.0,105.0,2200,Intel
913,CPU,22.0,37.0,118.0,1400.0,2800,Intel
914,CPU,130.0,70.0,131.0,55.0,3067,Intel
915,CPU,32.0,35.0,246.0,1178.0,2900,AMD
916,CPU,45.0,60.0,263.0,731.0,2133,Intel
917,CPU,32.0,80.0,239.0,1170.0,2400,Intel
918,CPU,28.0,35.0,246.0,1178.0,3000,AMD
919,CPU,65.0,31.0,90.0,151.0,1992,Intel
920,CPU,22.0,165.0,160.0,1400.0,2500,Intel
921,CPU,130.0,92.0,146.0,55.0,2600,Intel
922,CPU,130.0,62.0,101.0,63.0,1667,AMD
923,CPU,14.0,65.0,192.0,4800.0,3000,AMD
924,CPU,130.0,32.0,144.0,69.0,1800,AMD
925,CPU,32.0,130.0,435.0,2270.0,3300,Intel
926,CPU,45.0,95.0,346.0,904.0,2700,AMD
927,CPU,32.0,35.0,246.0,1178.0,1900,AMD
928,CPU,22.0,95.0,160.0,1400.0,2200,Intel
929,CPU,130.0,82.0,131.0,55.0,3000,Intel
930,CPU,90.0,110.0,199.0,233.0,2600,AMD
931,CPU,14.0,65.0,192.0,4800.0,3100,AMD
932,CPU,14.0,50.0,213.0,4800.0,2500,AMD
933,CPU,32.0,3.0,65.0,140.0,1800,Intel
934,CPU,22.0,54.0,177.0,1400.0,3200,Intel
935,CPU,32.0,25.0,246.0,1178.0,2100,AMD
936,CPU,32.0,35.0,81.0,382.0,2667,Intel
937,CPU,130.0,35.0,131.0,55.0,2200,Intel
938,CPU,32.0,35.0,81.0,382.0,2267,Intel
939,CPU,12.0,180.0,213.0,19200.0,3500,AMD
940,CPU,90.0,84.0,109.0,125.0,3200,Intel
941,CPU,32.0,130.0,239.0,1170.0,3333,Intel
942,CPU,14.0,65.0,210.0,4950.0,3500,AMD
943,CPU,22.0,54.0,177.0,1400.0,3200,Intel
944,CPU,45.0,65.0,82.0,228.0,2500,Intel
945,CPU,90.0,89.0,220.0,154.0,2400,AMD
946,CPU,90.0,67.0,156.0,154.0,2000,AMD
947,CPU,32.0,35.0,246.0,1178.0,2500,AMD
948,CPU,65.0,65.0,118.0,221.0,1800,AMD
949,CPU,45.0,82.0,296.0,774.0,2533,Intel
950,CPU,130.0,89.0,131.0,55.0,3400,Intel
951,CPU,130.0,73.0,146.0,55.0,2600,Intel
952,CPU,90.0,62.0,183.0,154.0,2200,AMD
953,CPU,90.0,84.0,109.0,169.0,3000,Intel
954,CPU,65.0,65.0,76.0,105.0,1866,Intel
955,CPU,130.0,55.0,193.0,106.0,2000,AMD
956,CPU,130.0,62.0,101.0,63.0,1750,AMD
957,CPU,65.0,31.0,90.0,151.0,2333,Intel
958,CPU,130.0,89.0,144.0,69.0,2200,AMD
959,CPU,12.0,15.0,210.0,4940.0,2600,AMD
960,CPU,45.0,25.0,117.0,410.0,1800,AMD
961,CPU,130.0,89.0,217.0,55.0,2790,Intel
962,CPU,90.0,115.0,109.0,125.0,3200,Intel
963,CPU,130.0,65.0,80.0,37.0,2000,AMD
964,CPU,65.0,65.0,143.0,291.0,1860,Intel
965,CPU,45.0,80.0,258.0,758.0,3100,AMD
966,CPU,22.0,54.0,177.0,1400.0,2900,Intel
967,CPU,32.0,65.0,131.0,504.0,2600,Intel
968,CPU,90.0,125.0,235.0,227.0,2600,AMD
969,CPU,45.0,4.0,96.0,47.0,1600,Intel
970,CPU,130.0,69.0,131.0,55.0,2600,Intel
971,CPU,12.0,15.0,210.0,4940.0,2100,AMD
972,CPU,22.0,47.0,264.0,1400.0,2600,Intel
973,CPU,130.0,35.0,193.0,106.0,2000,AMD
974,CPU,180.0,58.0,217.0,42.0,1500,Intel
975,CPU,14.0,15.0,210.0,4950.0,2300,AMD
976,CPU,45.0,82.0,296.0,774.0,2666,Intel
977,CPU,45.0,95.0,263.0,731.0,2800,Intel
978,CPU,180.0,72.0,217.0,42.0,2000,Intel
979,CPU,90.0,89.0,220.0,154.0,2400,AMD
980,CPU,65.0,75.0,143.0,291.0,2933,Intel
981,CPU,90.0,84.0,109.0,125.0,2667,Intel
982,CPU,130.0,97.0,237.0,286.0,3200,Intel
983,CPU,22.0,37.0,118.0,1400.0,2000,Intel
984,CPU,14.0,65.0,210.0,4950.0,3500,AMD
985,CPU,45.0,95.0,258.0,758.0,3000,AMD
986,CPU,7.0,155.0,74.0,3800.0,3500,AMD
987,CPU,90.0,88.0,112.0,125.0,2800,Intel
988,CPU,65.0,22.0,77.0,122.0,1800,AMD
989,CPU,65.0,65.0,126.0,154.0,2500,AMD
990,CPU,32.0,35.0,131.0,504.0,1900,Intel
991,CPU,32.0,65.0,216.0,1160.0,2500,Intel
992,CPU,32.0,35.0,131.0,504.0,2200,Intel
993,CPU,130.0,82.0,193.0,106.0,1400,AMD
994,CPU,90.0,65.0,220.0,154.0,2200,AMD
995,CPU,45.0,125.0,346.0,904.0,3000,AMD
996,CPU,65.0,95.0,143.0,582.0,2400,Intel
997,CPU,45.0,35.0,107.0,410.0,2100,Intel
998,CPU,22.0,54.0,177.0,1400.0,2800,Intel
999,CPU,65.0,150.0,435.0,1328.0,3166,Intel
1000,CPU,45.0,65.0,82.0,228.0,2933,Intel
1001,CPU,32.0,45.0,246.0,1178.0,2500,AMD
1002,CPU,180.0,66.0,150.0,37.0,1533,AMD
1003,CPU,22.0,95.0,160.0,1400.0,1900,Intel
1004,CPU,28.0,25.0,124.0,1200.0,2900,AMD
1005,CPU,22.0,35.0,177.0,1400.0,2900,Intel
1006,CPU,45.0,65.0,117.0,410.0,2800,AMD
1007,CPU,130.0,82.0,193.0,106.0,1400,AMD
1008,CPU,32.0,65.0,246.0,1178.0,3500,AMD
1009,CPU,90.0,21.0,84.0,140.0,1800,Intel
1010,CPU,90.0,89.0,156.0,154.0,2400,AMD
1011,CPU,32.0,65.0,315.0,1200.0,2600,AMD
1012,CPU,22.0,95.0,160.0,1400.0,2000,Intel
1013,CPU,14.0,65.0,192.0,4800.0,3100,AMD
1014,CPU,45.0,125.0,346.0,904.0,3500,AMD
1015,CPU,32.0,95.0,239.0,1170.0,2800,Intel
1016,CPU,90.0,62.0,84.0,63.0,1600,AMD
1017,CPU,45.0,80.0,258.0,758.0,2800,AMD
1018,CPU,45.0,65.0,117.0,410.0,3100,AMD
1019,CPU,90.0,115.0,109.0,125.0,3400,Intel
1020,CPU,45.0,80.0,263.0,731.0,1866,Intel
1021,CPU,32.0,65.0,131.0,504.0,2700,Intel
1022,CPU,130.0,89.0,144.0,105.0,2400,AMD
1023,CPU,130.0,66.0,131.0,55.0,2667,Intel
1024,CPU,32.0,115.0,316.0,2400.0,2300,AMD
1025,CPU,32.0,115.0,316.0,2400.0,2400,AMD
1026,CPU,65.0,95.0,285.0,450.0,2400,AMD
1027,CPU,130.0,35.0,193.0,106.0,1600,AMD
1028,CPU,65.0,95.0,285.0,450.0,2300,AMD
1029,CPU,65.0,65.0,126.0,154.0,2800,AMD
1030,CPU,32.0,73.0,81.0,382.0,3333,Intel
1031,CPU,90.0,84.0,109.0,125.0,3200,Intel
1032,CPU,130.0,73.0,146.0,55.0,2100,Intel
1033,CPU,32.0,35.0,131.0,504.0,2700,Intel
1034,CPU,90.0,84.0,109.0,125.0,3060,Intel
1035,CPU,7.0,35.0,156.0,9800.0,2800,AMD
1036,CPU,90.0,84.0,109.0,125.0,3060,Intel
1037,CPU,65.0,45.0,126.0,154.0,2300,AMD
1038,CPU,45.0,130.0,107.0,820.0,3000,Intel
1039,CPU,32.0,10.0,66.0,176.0,2133,Intel
1040,CPU,14.0,65.0,192.0,4800.0,3200,AMD
1041,CPU,180.0,63.0,150.0,37.0,1400,AMD
1042,CPU,7.0,280.0,74.0,3800.0,2900,AMD
1043,CPU,65.0,130.0,140.0,376.0,3400,Intel
1044,CPU,32.0,100.0,228.0,1178.0,3000,AMD
1045,CPU,180.0,61.0,217.0,42.0,1600,Intel
1046,CPU,22.0,115.0,160.0,1400.0,2100,Intel
1047,CPU,7.0,225.0,74.0,3800.0,2400,AMD
1048,CPU,45.0,125.0,258.0,758.0,3000,AMD
1049,CPU,22.0,80.0,160.0,1400.0,2400,Intel
1050,CPU,90.0,89.0,115.0,105.0,2400,AMD
1051,CPU,32.0,17.0,149.0,624.0,1600,Intel
1052,CPU,65.0,130.0,143.0,582.0,2933,Intel
1053,CPU,22.0,140.0,356.0,2600.0,3000,Intel
1054,CPU,32.0,65.0,131.0,504.0,2500,Intel
1055,CPU,14.0,51.0,150.0,1400.0,3300,Intel
1056,CPU,130.0,110.0,146.0,55.0,3060,Intel
1057,CPU,130.0,25.0,144.0,69.0,1800,AMD
1058,CPU,32.0,95.0,239.0,1170.0,2933,Intel
1059,CPU,14.0,140.0,213.0,9600.0,3200,AMD
1060,CPU,32.0,45.0,216.0,1160.0,2400,Intel
1061,CPU,45.0,130.0,263.0,731.0,2666,Intel
1062,CPU,45.0,65.0,82.0,228.0,2400,Intel
1063,CPU,90.0,135.0,213.0,200.0,3000,Intel
1064,CPU,32.0,95.0,216.0,1160.0,3100,Intel
1065,CPU,65.0,27.0,90.0,151.0,1660,Intel
1066,CPU,90.0,84.0,109.0,125.0,3000,Intel
1067,CPU,90.0,84.0,109.0,169.0,3400,Intel
1068,CPU,45.0,130.0,263.0,731.0,3200,Intel
1069,CPU,45.0,65.0,82.0,228.0,2800,Intel
1070,CPU,130.0,53.0,80.0,37.0,1600,AMD
1071,CPU,130.0,89.0,217.0,55.0,2394,Intel
1072,CPU,130.0,82.0,193.0,106.0,1600,AMD
1073,CPU,90.0,84.0,109.0,125.0,2800,Intel
1074,CPU,32.0,45.0,216.0,1160.0,2500,Intel
1075,CPU,22.0,130.0,160.0,1400.0,3400,Intel
1076,CPU,14.0,35.0,192.0,4800.0,3400,AMD
1077,CPU,32.0,130.0,239.0,1170.0,3333,Intel
1078,CPU,65.0,84.0,109.0,125.0,3200,Intel
1079,CPU,65.0,35.0,77.0,105.0,2200,Intel
1080,CPU,130.0,68.0,101.0,63.0,2167,AMD
1081,CPU,32.0,25.0,315.0,1200.0,1900,AMD
1082,CPU,7.0,35.0,156.0,9800.0,2900,AMD
1083,CPU,90.0,35.0,125.0,114.0,2400,AMD
1084,CPU,32.0,35.0,131.0,504.0,1600,Intel
1085,CPU,22.0,47.0,264.0,1400.0,2400,Intel
1086,CPU,90.0,130.0,206.0,169.0,2800,Intel
1087,CPU,32.0,35.0,149.0,624.0,2100,Intel
1088,CPU,130.0,60.0,80.0,37.0,1667,AMD
1089,CPU,45.0,80.0,258.0,758.0,3300,AMD
1090,CPU,32.0,35.0,81.0,384.0,1877,Intel
1091,CPU,45.0,8.0,96.0,47.0,1600,Intel
1092,CPU,90.0,84.0,109.0,125.0,2660,Intel
1093,CPU,22.0,35.0,118.0,1400.0,2400,Intel
1094,CPU,32.0,95.0,315.0,1200.0,3500,AMD
1095,CPU,32.0,85.0,315.0,2400.0,1800,AMD
1096,CPU,65.0,130.0,140.0,376.0,2800,Intel
1097,CPU,45.0,2.0,65.0,140.0,1600,Intel
1098,CPU,65.0,45.0,77.0,122.0,2000,AMD
1099,CPU,45.0,80.0,263.0,731.0,2400,Intel
1100,CPU,45.0,136.0,107.0,820.0,3200,Intel
1101,CPU,130.0,30.0,193.0,106.0,1400,AMD
1102,CPU,32.0,35.0,228.0,1178.0,1600,AMD
1103,CPU,32.0,35.0,81.0,384.0,2677,Intel
1104,CPU,65.0,65.0,126.0,154.0,2900,AMD
1105,CPU,130.0,62.0,101.0,63.0,2000,AMD
1106,CPU,45.0,95.0,258.0,758.0,2800,AMD
1107,CPU,7.0,120.0,74.0,3800.0,2800,AMD
1108,CPU,65.0,45.0,126.0,154.0,1900,AMD
1109,CPU,22.0,84.0,177.0,1400.0,3500,Intel
1110,CPU,65.0,130.0,140.0,376.0,3460,Intel
1111,CPU,22.0,37.0,264.0,1400.0,2300,Intel
1112,CPU,130.0,62.0,144.0,69.0,1800,AMD
1113,CPU,90.0,135.0,169.0,178.0,3000,Intel
1114,CPU,32.0,35.0,149.0,624.0,2400,Intel
1115,CPU,65.0,65.0,126.0,154.0,2800,AMD
1116,CPU,32.0,35.0,246.0,1178.0,2700,AMD
1117,CPU,65.0,65.0,126.0,154.0,2600,AMD
1118,CPU,32.0,15.0,246.0,1178.0,1400,AMD
1119,CPU,32.0,35.0,149.0,624.0,2200,Intel
1120,CPU,65.0,75.0,143.0,291.0,3000,Intel
1121,CPU,32.0,100.0,228.0,1178.0,3000,AMD
1122,CPU,130.0,62.0,80.0,37.0,1992,AMD
1123,CPU,90.0,84.0,109.0,125.0,2933,Intel
1124,CPU,32.0,35.0,81.0,382.0,2667,Intel
1125,CPU,130.0,89.0,144.0,69.0,2200,AMD
1126,CPU,65.0,35.0,143.0,293.0,2400,Intel
1127,CPU,32.0,65.0,228.0,1178.0,2500,AMD
1128,CPU,65.0,35.0,143.0,293.0,2000,Intel
1129,CPU,130.0,70.0,131.0,55.0,3067,Intel
1130,CPU,7.0,54.0,156.0,9800.0,2900,AMD
1131,CPU,130.0,92.0,146.0,55.0,2200,Intel
1132,CPU,65.0,65.0,77.0,105.0,2200,Intel
1133,CPU,32.0,65.0,131.0,504.0,2600,Intel
1134,CPU,65.0,95.0,285.0,450.0,2500,AMD
1135,CPU,180.0,72.0,217.0,42.0,2000,Intel
1136,CPU,65.0,65.0,126.0,154.0,2300,AMD
1137,CPU,65.0,65.0,77.0,105.0,2400,Intel
1138,CPU,65.0,95.0,285.0,450.0,2300,AMD
1139,CPU,130.0,89.0,193.0,106.0,2000,AMD
1140,CPU,45.0,95.0,169.0,300.0,3100,AMD
1141,CPU,32.0,35.0,246.0,1178.0,2500,AMD
1142,CPU,32.0,95.0,239.0,1170.0,3200,Intel
1143,CPU,14.0,170.0,213.0,4800.0,2400,AMD
1144,CPU,22.0,45.0,160.0,1400.0,2700,Intel
1145,CPU,130.0,62.0,101.0,63.0,2200,AMD
1146,CPU,22.0,54.0,177.0,1400.0,2400,Intel
1147,CPU,65.0,65.0,118.0,221.0,2200,AMD
1148,CPU,32.0,80.0,216.0,1160.0,3100,Intel
1149,CPU,32.0,65.0,246.0,1178.0,3200,AMD
1150,CPU,45.0,95.0,258.0,758.0,2800,AMD
1151,CPU,45.0,130.0,263.0,731.0,2666,Intel
1152,CPU,45.0,80.0,263.0,731.0,2000,Intel
1153,CPU,7.0,280.0,74.0,3800.0,3500,AMD
1154,CPU,90.0,125.0,230.0,227.0,3200,AMD
1155,CPU,65.0,130.0,143.0,582.0,3000,Intel
1156,CPU,45.0,65.0,107.0,410.0,2667,Intel
1157,CPU,130.0,82.0,193.0,106.0,1800,AMD
1158,CPU,90.0,45.0,230.0,227.0,2200,AMD
1159,CPU,130.0,89.0,144.0,69.0,2200,AMD
1160,CPU,45.0,95.0,296.0,774.0,2800,Intel
1161,CPU,32.0,17.0,246.0,1178.0,2100,AMD
1162,CPU,65.0,140.0,285.0,450.0,2600,AMD
1163,CPU,90.0,89.0,220.0,154.0,2000,AMD
1164,CPU,14.0,45.0,210.0,4950.0,3250,AMD
1165,CPU,90.0,35.0,125.0,114.0,1800,AMD
1166,CPU,32.0,80.0,239.0,1170.0,2266,Intel
1167,CPU,45.0,45.0,117.0,234.0,2400,AMD
1168,CPU,130.0,85.0,193.0,106.0,1400,AMD
1169,CPU,45.0,65.0,117.0,410.0,2700,AMD
1170,CPU,65.0,65.0,111.0,167.0,2200,Intel
1171,CPU,14.0,170.0,213.0,4800.0,2000,AMD
1172,CPU,90.0,59.0,84.0,69.0,2200,AMD
1173,CPU,180.0,58.0,217.0,42.0,1500,Intel
1174,CPU,45.0,60.0,263.0,731.0,2400,Intel
1175,CPU,65.0,95.0,285.0,450.0,2400,AMD
1176,CPU,22.0,37.0,118.0,1400.0,2300,Intel
1177,CPU,32.0,15.0,246.0,1178.0,1500,AMD
1178,CPU,90.0,65.0,220.0,154.0,2600,AMD
1179,CPU,14.0,35.0,192.0,4800.0,3500,AMD
1180,CPU,32.0,95.0,216.0,1160.0,3000,Intel
1181,CPU,130.0,73.0,146.0,55.0,2200,Intel
1182,CPU,130.0,89.0,193.0,106.0,2400,AMD
1183,CPU,65.0,45.0,126.0,154.0,2100,AMD
1184,CPU,45.0,45.0,169.0,300.0,2600,AMD
1185,CPU,45.0,2.0,26.0,47.0,1600,Intel
1186,CPU,65.0,15.0,77.0,122.0,1600,AMD
1187,CPU,45.0,95.0,258.0,758.0,3200,AMD
1188,CPU,32.0,35.0,149.0,624.0,2300,Intel
1189,CPU,90.0,62.0,84.0,63.0,1800,AMD
1190,CPU,130.0,76.0,131.0,55.0,3200,Intel
1191,CPU,90.0,62.0,84.0,63.0,2000,AMD
1192,CPU,65.0,65.0,126.0,154.0,2600,AMD
1193,CPU,90.0,62.0,103.0,81.0,2000,AMD
1194,CPU,90.0,62.0,230.0,227.0,2400,AMD
1195,CPU,45.0,80.0,263.0,731.0,2533,Intel
1196,CPU,90.0,135.0,169.0,178.0,3400,Intel
1197,CPU,45.0,95.0,169.0,300.0,3400,AMD
1198,CPU,130.0,110.0,146.0,55.0,2261,Intel
1199,CPU,32.0,35.0,131.0,504.0,2000,Intel
1200,CPU,45.0,125.0,346.0,904.0,2900,AMD
1201,CPU,22.0,45.0,160.0,1400.0,2800,Intel
1202,CPU,45.0,80.0,258.0,758.0,3100,AMD
1203,CPU,45.0,95.0,263.0,731.0,2666,Intel
1204,CPU,45.0,130.0,263.0,731.0,2800,Intel
1205,CPU,32.0,65.0,131.0,504.0,3100,Intel
1206,CPU,22.0,65.0,177.0,1400.0,2800,Intel
1207,CPU,45.0,38.0,263.0,731.0,2000,Intel
1208,CPU,45.0,95.0,258.0,758.0,3200,AMD
1209,CPU,32.0,35.0,228.0,1178.0,1500,AMD
1210,CPU,32.0,130.0,239.0,1170.0,3333,Intel
1211,CPU,12.0,180.0,213.0,19200.0,3500,AMD
1212,CPU,32.0,65.0,228.0,1178.0,2400,AMD
1213,CPU,130.0,77.0,101.0,63.0,2200,AMD
1214,CPU,65.0,15.0,77.0,122.0,1600,AMD
1215,CPU,22.0,35.0,177.0,1400.0,3200,Intel
1216,CPU,32.0,130.0,239.0,1170.0,3466,Intel
1217,CPU,130.0,62.0,144.0,63.0,1800,AMD
1218,CPU,130.0,89.0,193.0,105.0,2400,AMD
1219,CPU,45.0,65.0,82.0,456.0,2666,Intel
1220,CPU,22.0,47.0,177.0,1400.0,2900,Intel
1221,CPU,45.0,6.0,66.0,123.0,1667,Intel
1222,CPU,32.0,35.0,131.0,504.0,2200,Intel
1223,CPU,28.0,65.0,246.0,1178.0,3200,AMD
1224,CPU,180.0,64.0,150.0,37.0,1467,AMD
1225,CPU,32.0,95.0,216.0,1160.0,3300,Intel
1226,CPU,180.0,64.0,217.0,42.0,1700,Intel
1227,CPU,32.0,125.0,315.0,1200.0,3100,AMD
1228,CPU,7.0,25.0,156.0,9800.0,2300,AMD
1229,CPU,32.0,73.0,81.0,382.0,3200,Intel
1230,CPU,130.0,30.0,131.0,55.0,1800,Intel
1231,CPU,32.0,35.0,131.0,504.0,1600,Intel
1232,CPU,65.0,31.0,90.0,151.0,1660,Intel
1233,CPU,45.0,130.0,263.0,731.0,2533,Intel
1234,CPU,32.0,80.0,216.0,1160.0,3400,Intel
1235,CPU,130.0,104.0,193.0,105.0,2600,AMD
1236,CPU,32.0,45.0,228.0,1178.0,2200,AMD
1237,CPU,45.0,125.0,258.0,758.0,3200,AMD
1238,CPU,130.0,85.0,193.0,106.0,1600,AMD
1239,CPU,130.0,85.0,193.0,106.0,1400,AMD
1240,CPU,130.0,62.0,80.0,37.0,1500,AMD
1241,CPU,32.0,35.0,131.0,504.0,2000,Intel
1242,CPU,7.0,120.0,74.0,3800.0,2800,AMD
1243,CPU,65.0,65.0,126.0,154.0,2700,AMD
1244,CPU,130.0,110.0,237.0,178.0,3400,Intel
1245,CPU,130.0,110.0,146.0,55.0,2660,Intel
1246,CPU,45.0,65.0,82.0,228.0,2800,Intel
1247,CPU,90.0,135.0,169.0,178.0,3200,Intel
1248,CPU,22.0,77.0,160.0,1400.0,3500,Intel
1249,CPU,130.0,74.0,80.0,37.0,2250,AMD
1250,CPU,14.0,95.0,192.0,4800.0,3400,AMD
1251,CPU,22.0,69.0,160.0,1400.0,3400,Intel
1252,CPU,45.0,65.0,82.0,228.0,2800,Intel
1253,CPU,90.0,89.0,115.0,105.0,2200,AMD
1254,CPU,12.0,35.0,210.0,4940.0,2100,AMD
1255,CPU,12.0,65.0,192.0,4800.0,2800,AMD
1256,CPU,32.0,73.0,81.0,382.0,3200,Intel
1257,CPU,45.0,80.0,263.0,731.0,2000,Intel
1258,CPU,7.0,155.0,74.0,3800.0,3000,AMD
1259,CPU,32.0,100.0,228.0,1178.0,3000,AMD
1260,CPU,32.0,19.0,246.0,1178.0,1600,AMD
1261,CPU,130.0,68.0,80.0,37.0,2167,AMD
1262,CPU,130.0,35.0,131.0,55.0,2400,Intel
1263,CPU,130.0,62.0,80.0,37.0,1733,AMD
1264,CPU,32.0,35.0,315.0,1200.0,2200,AMD
1265,CPU,45.0,125.0,258.0,758.0,3200,AMD
1266,CPU,32.0,73.0,81.0,382.0,3066,Intel
1267,CPU,65.0,125.0,285.0,450.0,2500,AMD
1268,CPU,65.0,35.0,77.0,105.0,1600,Intel
1269,CPU,90.0,104.0,115.0,114.0,2600,AMD
1270,CPU,32.0,35.0,228.0,1178.0,1500,AMD
1271,CPU,22.0,54.0,177.0,1400.0,3300,Intel
1272,CPU,32.0,17.0,149.0,624.0,1400,Intel
1273,CPU,130.0,89.0,193.0,106.0,2000,AMD
1274,CPU,90.0,73.0,109.0,125.0,2533,Intel
1275,CPU,45.0,95.0,107.0,820.0,2833,Intel
1276,CPU,22.0,15.0,118.0,1300.0,2100,Intel
1277,CPU,90.0,89.0,220.0,154.0,2600,AMD
1278,CPU,32.0,95.0,315.0,1200.0,3300,AMD
1279,CPU,65.0,65.0,285.0,450.0,1900,AMD
1280,CPU,32.0,60.0,239.0,1170.0,2000,Intel
1281,CPU,45.0,65.0,82.0,456.0,2333,Intel
1282,CPU,7.0,155.0,74.0,3800.0,2400,AMD
1283,CPU,32.0,7.0,66.0,176.0,1867,Intel
1284,CPU,180.0,64.0,217.0,42.0,1700,Intel
1285,CPU,130.0,89.0,144.0,69.0,2000,AMD
1286,CPU,45.0,95.0,296.0,774.0,2800,Intel
1287,CPU,45.0,95.0,296.0,774.0,2933,Intel
1288,CPU,12.0,15.0,210.0,4940.0,2100,AMD
1289,CPU,32.0,10.0,66.0,176.0,1867,Intel
1290,CPU,90.0,89.0,156.0,154.0,2000,AMD
1291,CPU,32.0,35.0,149.0,624.0,2200,Intel
1292,CPU,7.0,54.0,156.0,9800.0,3000,AMD
1293,CPU,32.0,35.0,81.0,382.0,2533,Intel
1294,CPU,130.0,82.0,193.0,106.0,1600,AMD
1295,CPU,32.0,80.0,239.0,1170.0,2133,Intel
1296,CPU,90.0,67.0,83.0,69.0,1800,AMD
1297,CPU,90.0,62.0,103.0,81.0,2000,AMD
1298,CPU,130.0,82.0,193.0,106.0,1800,AMD
1299,CPU,45.0,130.0,263.0,731.0,3333,Intel
1300,CPU,90.0,62.0,84.0,63.0,1800,AMD
1301,CPU,7.0,35.0,156.0,9800.0,3000,AMD
1302,CPU,130.0,85.0,193.0,106.0,1400,AMD
1303,CPU,22.0,17.0,118.0,1400.0,1800,Intel
1304,CPU,14.0,170.0,213.0,4800.0,2400,AMD
1305,CPU,90.0,27.0,84.0,140.0,1860,Intel
1306,CPU,45.0,45.0,117.0,410.0,2600,AMD
1307,CPU,32.0,35.0,81.0,384.0,2133,Intel
1308,CPU,22.0,69.0,160.0,1400.0,3300,Intel
1309,CPU,22.0,37.0,118.0,1300.0,2900,Intel
1310,CPU,65.0,35.0,143.0,293.0,2166,Intel
1311,CPU,45.0,125.0,258.0,758.0,3000,AMD
1312,CPU,90.0,35.0,125.0,114.0,1600,AMD
1313,CPU,22.0,47.0,264.0,1400.0,1800,Intel
1314,CPU,32.0,65.0,315.0,1200.0,3000,AMD
1315,CPU,90.0,130.0,206.0,169.0,2800,Intel
1316,CPU,90.0,135.0,135.0,155.0,2800,Intel
1317,CPU,7.0,155.0,74.0,3800.0,3100,AMD
1318,CPU,130.0,68.0,101.0,63.0,1917,AMD
1319,CPU,7.0,54.0,156.0,9800.0,3300,AMD
1320,CPU,65.0,65.0,143.0,291.0,2333,Intel
1321,CPU,90.0,65.0,220.0,154.0,2600,AMD
