,Unnamed: 0.1,Type,Process_Size,TDP,Die_Size,Transistors,Freq,Vendor
0,0,CPU,65.0,45.0,77.0,122.0,2200,AMD
1,1,CPU,14.0,35.0,192.0,4800.0,3200,AMD
3,3,CPU,22.0,80.0,160.0,1400.0,1800,Intel
4,4,CPU,45.0,125.0,258.0,758.0,3700,AMD
5,5,CPU,22.0,95.0,160.0,1400.0,2400,Intel
6,6,CPU,65.0,125.0,285.0,450.0,2400,AMD
7,7,CPU,65.0,130.0,140.0,376.0,3000,Intel
9,9,CPU,90.0,89.0,156.0,154.0,2200,AMD
10,10,CPU,130.0,62.0,80.0,37.0,1992,AMD
11,11,CPU,22.0,35.0,160.0,1480.0,2200,Intel
14,14,CPU,65.0,95.0,285.0,450.0,2300,AMD
15,15,CPU,22.0,12.0,118.0,1400.0,1200,Intel
17,17,CPU,90.0,84.0,109.0,125.0,2660,Intel
18,18,CPU,22.0,80.0,160.0,1400.0,2500,Intel
19,19,CPU,90.0,110.0,199.0,233.0,2400,AMD
22,22,CPU,180.0,60.0,120.0,37.0,1100,AMD
23,23,CPU,45.0,130.0,263.0,731.0,3333,Intel
24,24,CPU,90.0,67.0,115.0,105.0,2200,AMD
25,25,CPU,90.0,84.0,109.0,169.0,3800,Intel
26,26,CPU,90.0,130.0,206.0,169.0,3000,Intel
27,27,CPU,14.0,170.0,213.0,4800.0,3100,AMD
28,28,CPU,90.0,115.0,109.0,125.0,3400,Intel
29,29,CPU,130.0,30.0,80.0,44.0,1266,Intel
30,30,CPU,45.0,45.0,117.0,234.0,2700,AMD
31,31,CPU,14.0,170.0,213.0,4800.0,2000,AMD
32,32,CPU,45.0,4.0,26.0,47.0,1600,Intel
33,33,CPU,22.0,130.0,160.0,1400.0,3000,Intel
35,35,CPU,22.0,300.0,350.0,5000.0,1238,Intel
38,38,CPU,65.0,95.0,285.0,450.0,2300,AMD
39,39,CPU,32.0,35.0,149.0,624.0,2200,Intel
41,41,CPU,32.0,65.0,228.0,1178.0,2400,AMD
42,42,CPU,90.0,25.0,125.0,114.0,1800,AMD
43,43,CPU,180.0,38.0,80.0,44.0,866,Intel
44,44,CPU,45.0,65.0,107.0,820.0,2833,Intel
45,45,CPU,22.0,15.0,118.0,1300.0,1800,Intel
48,48,CPU,14.0,65.0,192.0,4800.0,3200,AMD
49,49,CPU,32.0,35.0,228.0,1178.0,1900,AMD
50,50,CPU,130.0,97.0,237.0,286.0,3200,Intel
52,52,CPU,65.0,130.0,143.0,582.0,2666,Intel
54,54,CPU,32.0,65.0,228.0,1178.0,2100,AMD
55,55,CPU,22.0,300.0,350.0,5000.0,1238,Intel
57,57,CPU,22.0,10.0,118.0,1400.0,1100,Intel
58,58,CPU,90.0,89.0,220.0,227.0,2800,AMD
59,59,CPU,45.0,95.0,169.0,300.0,3000,AMD
60,60,CPU,45.0,1.0,26.0,47.0,1200,Intel
61,61,CPU,7.0,155.0,74.0,3800.0,3000,AMD
64,64,CPU,7.0,45.0,156.0,9800.0,3300,AMD
65,65,CPU,7.0,180.0,74.0,3800.0,2500,AMD
66,66,CPU,90.0,62.0,230.0,227.0,2600,AMD
67,67,CPU,130.0,32.0,80.0,44.0,1400,Intel
69,69,CPU,130.0,82.0,193.0,106.0,2200,AMD
70,70,CPU,22.0,80.0,160.0,1400.0,2100,Intel
77,77,CPU,90.0,67.0,156.0,154.0,2200,AMD
79,79,CPU,32.0,4.0,66.0,176.0,1600,Intel
83,83,CPU,7.0,280.0,74.0,3800.0,3900,AMD
84,84,CPU,22.0,15.0,118.0,1400.0,1600,Intel
85,85,CPU,90.0,89.0,220.0,154.0,2000,AMD
86,86,CPU,22.0,60.0,160.0,1400.0,2400,Intel
88,88,CPU,12.0,35.0,210.0,4940.0,2300,AMD
89,89,CPU,90.0,3.0,66.0,176.0,800,Intel
90,90,CPU,7.0,25.0,156.0,9800.0,2100,AMD
95,95,CPU,65.0,27.0,90.0,151.0,1866,Intel
96,96,CPU,32.0,65.0,246.0,1178.0,3400,AMD
97,97,CPU,65.0,31.0,90.0,151.0,2166,Intel
98,98,CPU,14.0,51.0,150.0,1400.0,3500,Intel
99,99,CPU,32.0,100.0,246.0,1178.0,3600,AMD
100,100,CPU,130.0,68.0,80.0,37.0,2133,AMD
101,101,CPU,130.0,89.0,193.0,69.0,2000,AMD
102,102,CPU,65.0,95.0,140.0,376.0,3400,Intel
103,103,CPU,32.0,35.0,131.0,504.0,1500,Intel
104,104,CPU,45.0,4.0,26.0,47.0,1300,Intel
105,105,CPU,32.0,9.0,246.0,1178.0,1050,AMD
108,108,CPU,130.0,73.0,146.0,55.0,2700,Intel
110,110,CPU,90.0,62.0,230.0,227.0,2200,AMD
111,111,CPU,90.0,35.0,103.0,81.0,1800,AMD
112,112,CPU,22.0,35.0,160.0,1480.0,2900,Intel
113,113,CPU,32.0,45.0,228.0,1178.0,1600,AMD
114,114,CPU,32.0,35.0,81.0,382.0,2400,Intel
116,116,CPU,22.0,54.0,177.0,1400.0,3300,Intel
118,118,CPU,22.0,15.0,118.0,1400.0,1700,Intel
119,119,CPU,65.0,65.0,111.0,167.0,2133,Intel
120,120,CPU,180.0,68.0,150.0,37.0,1600,AMD
121,121,CPU,130.0,31.0,80.0,44.0,1400,Intel
123,123,CPU,22.0,87.0,160.0,1400.0,3700,Intel
124,124,CPU,65.0,95.0,285.0,450.0,2200,AMD
127,127,CPU,130.0,68.0,80.0,37.0,1800,AMD
129,129,CPU,90.0,88.0,112.0,125.0,3200,Intel
131,131,CPU,65.0,65.0,77.0,105.0,2400,Intel
132,132,CPU,7.0,25.0,156.0,9800.0,2100,AMD
133,133,CPU,12.0,250.0,213.0,19200.0,3000,AMD
135,135,CPU,45.0,2.0,65.0,140.0,1000,Intel
137,137,CPU,45.0,7.0,66.0,123.0,1834,Intel
139,139,CPU,22.0,130.0,160.0,1400.0,3700,Intel
141,141,CPU,12.0,65.0,192.0,4800.0,3400,AMD
142,142,CPU,65.0,65.0,285.0,450.0,2100,AMD
143,143,CPU,32.0,65.0,228.0,1178.0,2800,AMD
144,144,CPU,180.0,67.0,217.0,42.0,1800,Intel
146,146,CPU,90.0,84.0,109.0,125.0,2660,Intel
147,147,CPU,22.0,45.0,160.0,1400.0,2800,Intel
148,148,CPU,130.0,110.0,146.0,55.0,2527,Intel
149,149,CPU,130.0,60.0,131.0,55.0,2400,Intel
150,150,CPU,22.0,300.0,350.0,5000.0,1250,Intel
153,153,CPU,90.0,22.0,125.0,114.0,1600,AMD
155,155,CPU,45.0,2.0,65.0,140.0,1900,Intel
156,156,CPU,22.0,15.0,118.0,1400.0,1600,Intel
157,157,CPU,45.0,65.0,82.0,228.0,3000,Intel
159,159,CPU,22.0,35.0,177.0,1400.0,2700,Intel
161,161,CPU,28.0,35.0,246.0,1178.0,3000,AMD
162,162,CPU,130.0,32.0,131.0,55.0,2000,Intel
163,163,CPU,32.0,80.0,239.0,1170.0,2400,Intel
165,165,CPU,32.0,115.0,316.0,2400.0,2200,AMD
166,166,CPU,14.0,95.0,192.0,4800.0,3600,AMD
168,168,CPU,12.0,15.0,210.0,4940.0,2600,AMD
169,169,CPU,14.0,72.0,126.0,1400.0,3400,Intel
170,170,CPU,180.0,40.0,120.0,37.0,700,AMD
171,171,CPU,130.0,32.0,144.0,69.0,1600,AMD
172,172,CPU,12.0,105.0,192.0,4800.0,3700,AMD
173,173,CPU,14.0,45.0,210.0,4950.0,3350,AMD
174,174,CPU,45.0,45.0,169.0,300.0,2500,AMD
175,175,CPU,32.0,95.0,216.0,1160.0,2900,Intel
176,176,CPU,32.0,125.0,315.0,1200.0,3500,AMD
178,178,CPU,32.0,140.0,315.0,2400.0,2800,AMD
180,180,CPU,32.0,17.0,131.0,504.0,1400,Intel
181,181,CPU,45.0,125.0,346.0,904.0,3300,AMD
183,183,CPU,22.0,54.0,177.0,1400.0,3400,Intel
184,184,CPU,32.0,130.0,435.0,2270.0,3000,Intel
185,185,CPU,22.0,35.0,160.0,1480.0,2200,Intel
189,189,CPU,90.0,84.0,109.0,125.0,2933,Intel
190,190,CPU,130.0,82.0,193.0,106.0,1600,AMD
192,192,CPU,90.0,135.0,213.0,200.0,2800,Intel
193,193,CPU,45.0,65.0,82.0,228.0,3067,Intel
195,195,CPU,45.0,95.0,258.0,758.0,2600,AMD
197,197,CPU,130.0,62.0,80.0,37.0,1750,AMD
198,198,CPU,22.0,54.0,177.0,1400.0,3300,Intel
199,199,CPU,14.0,180.0,213.0,4800.0,2200,AMD
200,200,CPU,22.0,140.0,160.0,1400.0,2200,Intel
202,202,CPU,65.0,125.0,285.0,450.0,2500,AMD
203,203,CPU,7.0,65.0,74.0,3800.0,3600,AMD
204,204,CPU,22.0,57.0,177.0,1400.0,3100,Intel
205,205,CPU,65.0,105.0,143.0,582.0,2400,Intel
206,206,CPU,90.0,125.0,220.0,243.0,2800,AMD
207,207,CPU,65.0,95.0,285.0,450.0,2700,AMD
208,208,CPU,22.0,45.0,160.0,1400.0,2700,Intel
209,209,CPU,22.0,35.0,177.0,1400.0,2900,Intel
210,210,CPU,45.0,9.0,87.0,176.0,1667,Intel
211,211,CPU,65.0,35.0,143.0,293.0,2000,Intel
212,212,CPU,45.0,4.0,26.0,47.0,1000,Intel
213,213,CPU,22.0,140.0,356.0,2600.0,3300,Intel
214,214,CPU,45.0,65.0,82.0,228.0,2600,Intel
215,215,CPU,32.0,95.0,315.0,1200.0,3600,AMD
216,216,CPU,32.0,65.0,131.0,504.0,2700,Intel
217,217,CPU,90.0,84.0,109.0,125.0,3000,Intel
220,220,CPU,130.0,82.0,131.0,55.0,3200,Intel
221,221,CPU,45.0,45.0,169.0,300.0,2400,AMD
224,224,CPU,90.0,62.0,103.0,81.0,1600,AMD
225,225,CPU,32.0,220.0,315.0,1200.0,4700,AMD
226,226,CPU,130.0,92.0,146.0,125.0,2000,Intel
229,229,CPU,45.0,95.0,346.0,904.0,2800,AMD
230,230,CPU,32.0,65.0,246.0,1178.0,3000,AMD
231,231,CPU,65.0,95.0,285.0,450.0,2300,AMD
233,233,CPU,22.0,15.0,118.0,1400.0,1400,Intel
234,234,CPU,14.0,125.0,213.0,9600.0,3800,AMD
235,235,CPU,32.0,35.0,131.0,504.0,1700,Intel
236,236,CPU,32.0,130.0,239.0,1170.0,3200,Intel
238,238,CPU,22.0,37.0,118.0,1300.0,3000,Intel
239,239,CPU,32.0,140.0,316.0,2400.0,2600,AMD
241,241,CPU,65.0,86.0,81.0,188.0,3000,Intel
242,242,CPU,32.0,40.0,239.0,1170.0,1866,Intel
243,243,CPU,45.0,95.0,258.0,758.0,2800,AMD
247,247,CPU,32.0,80.0,239.0,1170.0,1600,Intel
250,250,CPU,90.0,84.0,109.0,169.0,3600,Intel
253,253,CPU,32.0,17.0,131.0,504.0,1500,Intel
254,254,CPU,32.0,45.0,228.0,1178.0,2000,AMD
255,255,CPU,14.0,72.0,126.0,1400.0,3400,Intel
256,256,CPU,45.0,95.0,258.0,758.0,2800,AMD
257,257,CPU,45.0,65.0,117.0,410.0,3000,AMD
258,258,CPU,32.0,125.0,315.0,1200.0,3800,AMD
259,259,CPU,130.0,89.0,193.0,106.0,2200,AMD
260,260,CPU,65.0,65.0,285.0,450.0,2000,AMD
261,261,CPU,32.0,35.0,131.0,504.0,2400,Intel
262,262,CPU,45.0,95.0,169.0,300.0,2900,AMD
263,263,CPU,32.0,35.0,131.0,504.0,1600,Intel
264,264,CPU,90.0,3.0,66.0,176.0,600,Intel
267,267,CPU,28.0,35.0,246.0,1178.0,3100,AMD
268,268,CPU,22.0,300.0,350.0,5000.0,1100,Intel
269,269,CPU,65.0,65.0,143.0,291.0,2667,Intel
270,270,CPU,32.0,130.0,239.0,1170.0,3466,Intel
272,272,CPU,65.0,65.0,111.0,167.0,1800,Intel
273,273,CPU,32.0,8.0,246.0,1178.0,1000,AMD
274,274,CPU,130.0,70.0,131.0,55.0,2800,Intel
275,275,CPU,14.0,95.0,192.0,4800.0,3400,AMD
276,276,CPU,32.0,100.0,228.0,1178.0,2600,AMD
277,277,CPU,14.0,15.0,210.0,4950.0,2000,AMD
278,278,CPU,90.0,84.0,135.0,169.0,2800,Intel
280,280,CPU,90.0,45.0,3.0,154.0,2600,AMD
282,282,CPU,32.0,100.0,246.0,1178.0,3800,AMD
283,283,CPU,65.0,27.0,90.0,151.0,1500,Intel
285,285,CPU,130.0,89.0,144.0,69.0,2400,AMD
286,286,CPU,22.0,270.0,350.0,5000.0,1100,Intel
288,288,CPU,90.0,135.0,213.0,200.0,3000,Intel
289,289,CPU,130.0,110.0,146.0,55.0,2793,Intel
290,290,CPU,45.0,80.0,258.0,758.0,3200,AMD
291,291,CPU,22.0,54.0,177.0,1400.0,2500,Intel
293,293,CPU,7.0,180.0,74.0,3800.0,2800,AMD
295,295,CPU,180.0,69.0,217.0,42.0,1900,Intel
296,296,CPU,32.0,140.0,316.0,2400.0,2700,AMD
298,298,CPU,32.0,95.0,315.0,1200.0,3500,AMD
300,300,CPU,32.0,65.0,228.0,1178.0,2700,AMD
301,301,CPU,90.0,62.0,103.0,81.0,2200,AMD
302,302,CPU,22.0,17.0,118.0,1400.0,1800,Intel
303,303,CPU,180.0,45.0,120.0,37.0,800,AMD
304,304,CPU,45.0,95.0,82.0,456.0,2700,Intel
305,305,CPU,32.0,130.0,513.0,2600.0,2400,Intel
306,306,CPU,32.0,125.0,315.0,1200.0,4000,AMD
307,307,CPU,90.0,65.0,220.0,154.0,2200,AMD
309,309,CPU,32.0,95.0,315.0,1200.0,3100,AMD
310,310,CPU,45.0,130.0,263.0,731.0,3200,Intel
311,311,CPU,65.0,45.0,126.0,154.0,2300,AMD
312,312,CPU,45.0,125.0,258.0,758.0,2800,AMD
314,314,CPU,90.0,62.0,84.0,63.0,1400,AMD
316,316,CPU,90.0,62.0,84.0,63.0,2000,AMD
317,317,CPU,130.0,89.0,193.0,106.0,2400,AMD
318,318,CPU,90.0,135.0,213.0,200.0,2833,Intel
320,320,CPU,32.0,125.0,315.0,1200.0,3900,AMD
324,324,CPU,32.0,45.0,216.0,1160.0,2500,Intel
326,326,CPU,32.0,15.0,131.0,504.0,1200,Intel
327,327,CPU,12.0,95.0,192.0,4800.0,3600,AMD
329,329,CPU,130.0,66.0,131.0,55.0,2400,Intel
330,330,CPU,7.0,25.0,156.0,9800.0,1800,AMD
331,331,CPU,45.0,3.0,26.0,47.0,600,Intel
332,332,CPU,32.0,65.0,315.0,1200.0,2600,AMD
333,333,CPU,65.0,95.0,285.0,450.0,2400,AMD
336,336,CPU,14.0,65.0,192.0,4800.0,3500,AMD
337,337,CPU,90.0,110.0,199.0,233.0,2200,AMD
338,338,CPU,32.0,35.0,246.0,1303.0,2500,AMD
339,339,CPU,32.0,73.0,81.0,382.0,3466,Intel
341,341,CPU,65.0,10.0,111.0,293.0,1200,Intel
342,342,CPU,22.0,47.0,264.0,1400.0,2100,Intel
343,343,CPU,65.0,130.0,140.0,376.0,3200,Intel
344,344,CPU,90.0,25.0,125.0,114.0,2000,AMD
345,345,CPU,22.0,37.0,118.0,1400.0,2600,Intel
346,346,CPU,22.0,45.0,160.0,1480.0,2400,Intel
347,347,CPU,32.0,115.0,315.0,2400.0,2300,AMD
349,349,CPU,130.0,82.0,193.0,106.0,1800,AMD
352,352,CPU,90.0,110.0,109.0,125.0,2400,Intel
354,354,CPU,22.0,115.0,160.0,1400.0,2400,Intel
355,355,CPU,90.0,21.0,84.0,140.0,1600,Intel
358,358,CPU,32.0,35.0,228.0,1178.0,2000,AMD
359,359,CPU,130.0,68.0,131.0,55.0,2800,Intel
360,360,CPU,22.0,130.0,257.0,1860.0,3600,Intel
362,362,CPU,45.0,45.0,117.0,410.0,3000,AMD
363,363,CPU,65.0,89.0,126.0,154.0,3100,AMD
364,364,CPU,90.0,45.0,230.0,227.0,2400,AMD
365,365,CPU,130.0,73.0,146.0,55.0,2400,Intel
366,366,CPU,7.0,120.0,74.0,3800.0,3100,AMD
367,367,CPU,45.0,7.0,26.0,47.0,1200,Intel
368,368,CPU,45.0,65.0,117.0,410.0,2800,AMD
369,369,CPU,32.0,95.0,315.0,1200.0,3100,AMD
371,371,CPU,45.0,95.0,81.0,456.0,2666,Intel
372,372,CPU,22.0,165.0,160.0,1400.0,2800,Intel
373,373,CPU,32.0,17.0,131.0,504.0,1300,Intel
376,376,CPU,180.0,50.0,120.0,37.0,900,AMD
377,377,CPU,32.0,35.0,131.0,504.0,1800,Intel
379,379,CPU,32.0,125.0,315.0,1200.0,3900,AMD
380,380,CPU,14.0,51.0,150.0,1400.0,2800,Intel
381,381,CPU,32.0,65.0,131.0,504.0,2900,Intel
382,382,CPU,7.0,225.0,74.0,3800.0,2250,AMD
383,383,CPU,22.0,47.0,177.0,1400.0,2800,Intel
385,385,CPU,45.0,65.0,107.0,410.0,3333,Intel
387,387,CPU,45.0,125.0,346.0,904.0,3200,AMD
388,388,CPU,65.0,150.0,435.0,1328.0,3200,Intel
389,389,CPU,22.0,35.0,177.0,1400.0,3100,Intel
390,390,CPU,45.0,45.0,117.0,234.0,2600,AMD
391,391,CPU,45.0,7.0,66.0,123.0,1834,Intel
393,393,CPU,65.0,15.0,90.0,151.0,1833,Intel
394,394,CPU,130.0,62.0,80.0,37.0,1583,AMD
395,395,CPU,32.0,65.0,246.0,1178.0,3400,AMD
396,396,CPU,32.0,8.0,246.0,1178.0,1000,AMD
397,397,CPU,180.0,29.0,80.0,44.0,1000,Intel
399,399,CPU,45.0,2.0,26.0,47.0,1600,Intel
400,400,CPU,45.0,130.0,263.0,731.0,3333,Intel
402,402,CPU,90.0,62.0,183.0,154.0,2400,AMD
404,404,CPU,90.0,65.0,220.0,154.0,2400,AMD
405,405,CPU,32.0,35.0,149.0,624.0,2400,Intel
407,407,CPU,180.0,66.0,120.0,37.0,1200,AMD
408,408,CPU,180.0,38.0,80.0,44.0,800,Intel
409,409,CPU,130.0,45.0,101.0,63.0,1667,AMD
410,410,CPU,130.0,21.0,131.0,55.0,1400,Intel
411,411,CPU,32.0,17.0,149.0,624.0,1500,Intel
412,412,CPU,45.0,13.0,66.0,176.0,1667,Intel
414,414,CPU,65.0,31.0,90.0,151.0,1733,Intel
415,415,CPU,45.0,7.0,66.0,123.0,1667,Intel
417,417,CPU,90.0,130.0,206.0,169.0,3200,Intel
418,418,CPU,22.0,80.0,160.0,1400.0,2500,Intel
419,419,CPU,65.0,65.0,111.0,167.0,2400,Intel
420,420,CPU,22.0,140.0,160.0,1400.0,3200,Intel
421,421,CPU,32.0,35.0,81.0,384.0,2677,Intel
422,422,CPU,45.0,95.0,258.0,758.0,3000,AMD
423,423,CPU,130.0,89.0,144.0,69.0,1800,AMD
424,424,CPU,130.0,89.0,193.0,105.0,2200,AMD
425,425,CPU,130.0,97.0,237.0,286.0,3066,Intel
426,426,CPU,90.0,84.0,109.0,125.0,2800,Intel
427,427,CPU,130.0,89.0,193.0,105.0,2200,AMD
428,428,CPU,14.0,80.0,160.0,1400.0,3700,Intel
429,429,CPU,45.0,95.0,169.0,300.0,3300,AMD
430,430,CPU,130.0,110.0,146.0,55.0,2000,Intel
431,431,CPU,12.0,65.0,192.0,4800.0,3200,AMD
433,433,CPU,130.0,73.0,146.0,55.0,2300,Intel
434,434,CPU,180.0,43.0,120.0,37.0,750,AMD
435,435,CPU,45.0,45.0,117.0,234.0,2900,AMD
436,436,CPU,180.0,66.0,120.0,37.0,1200,AMD
437,437,CPU,65.0,35.0,143.0,293.0,2333,Intel
439,439,CPU,32.0,150.0,435.0,2270.0,3500,Intel
440,440,CPU,130.0,62.0,193.0,106.0,2200,AMD
441,441,CPU,45.0,115.0,346.0,1800.0,1900,AMD
443,443,CPU,130.0,68.0,101.0,63.0,2083,AMD
444,444,CPU,45.0,3.0,26.0,47.0,1300,Intel
445,445,CPU,22.0,65.0,160.0,1400.0,2900,Intel
447,447,CPU,90.0,125.0,235.0,227.0,3000,AMD
448,448,CPU,45.0,3.0,26.0,47.0,1667,Intel
449,449,CPU,90.0,35.0,125.0,114.0,2200,AMD
450,450,CPU,130.0,73.0,146.0,55.0,2800,Intel
451,451,CPU,32.0,35.0,131.0,504.0,2300,Intel
452,452,CPU,45.0,95.0,258.0,758.0,2800,AMD
453,453,CPU,14.0,65.0,192.0,4800.0,3400,AMD
454,454,CPU,90.0,21.0,84.0,140.0,1500,Intel
456,456,CPU,90.0,130.0,206.0,169.0,3200,Intel
457,457,CPU,65.0,45.0,126.0,154.0,2100,AMD
458,458,CPU,22.0,65.0,177.0,1400.0,3100,Intel
459,459,CPU,12.0,15.0,210.0,4940.0,2100,AMD
460,460,CPU,32.0,95.0,216.0,1160.0,3500,Intel
461,461,CPU,65.0,10.0,111.0,293.0,1200,Intel
462,462,CPU,130.0,68.0,80.0,63.0,2000,AMD
463,463,CPU,32.0,9.0,246.0,1178.0,1000,AMD
464,464,CPU,14.0,170.0,213.0,4800.0,2000,AMD
467,467,CPU,65.0,150.0,435.0,1328.0,3400,Intel
468,468,CPU,22.0,95.0,160.0,1400.0,2600,Intel
469,469,CPU,45.0,1.0,65.0,140.0,900,Intel
470,470,CPU,130.0,89.0,217.0,55.0,2000,Intel
471,471,CPU,45.0,65.0,258.0,758.0,2500,AMD
472,472,CPU,90.0,84.0,109.0,125.0,2800,Intel
473,473,CPU,130.0,68.0,101.0,63.0,2100,AMD
474,474,CPU,45.0,65.0,258.0,758.0,2400,AMD
475,475,CPU,130.0,82.0,193.0,106.0,1600,AMD
476,476,CPU,130.0,25.0,144.0,69.0,1800,AMD
477,477,CPU,180.0,67.0,217.0,42.0,1800,Intel
480,480,CPU,65.0,95.0,435.0,1328.0,2600,Intel
481,481,CPU,32.0,95.0,315.0,1200.0,3200,AMD
482,482,CPU,32.0,10.0,66.0,176.0,1867,Intel
483,483,CPU,14.0,51.0,150.0,1400.0,2900,Intel
484,484,CPU,12.0,65.0,210.0,4940.0,3700,AMD
486,486,CPU,90.0,125.0,220.0,227.0,3000,AMD
488,488,CPU,65.0,65.0,143.0,291.0,2400,Intel
489,489,CPU,7.0,120.0,74.0,3800.0,2600,AMD
491,491,CPU,65.0,45.0,77.0,122.0,2800,AMD
492,492,CPU,45.0,10.0,107.0,410.0,1300,Intel
493,493,CPU,130.0,89.0,144.0,69.0,1800,AMD
495,495,CPU,90.0,21.0,84.0,140.0,2100,Intel
496,496,CPU,32.0,35.0,81.0,382.0,2267,Intel
499,499,CPU,65.0,95.0,285.0,450.0,2100,AMD
502,502,CPU,14.0,180.0,213.0,9600.0,3500,AMD
505,505,CPU,130.0,92.0,146.0,55.0,2400,Intel
506,506,CPU,14.0,180.0,213.0,4800.0,2000,AMD
507,507,CPU,130.0,45.0,101.0,63.0,1533,AMD
508,508,CPU,32.0,65.0,131.0,504.0,3100,Intel
510,510,CPU,32.0,35.0,228.0,1178.0,1400,AMD
511,511,CPU,14.0,180.0,213.0,4800.0,2300,AMD
512,512,CPU,45.0,2.0,26.0,47.0,1100,Intel
513,513,CPU,12.0,15.0,210.0,4940.0,2300,AMD
514,514,CPU,90.0,89.0,220.0,154.0,2600,AMD
515,515,CPU,90.0,89.0,220.0,154.0,2200,AMD
516,516,CPU,65.0,86.0,81.0,188.0,3200,Intel
518,518,CPU,45.0,65.0,117.0,410.0,3200,AMD
519,519,CPU,90.0,84.0,109.0,125.0,3060,Intel
520,520,CPU,130.0,82.0,193.0,106.0,1400,AMD
521,521,CPU,65.0,65.0,126.0,154.0,2400,AMD
522,522,CPU,130.0,30.0,131.0,55.0,1600,Intel
523,523,CPU,90.0,27.0,84.0,140.0,2260,Intel
524,524,CPU,32.0,100.0,228.0,1178.0,2900,AMD
525,525,CPU,32.0,35.0,131.0,504.0,2100,Intel
526,526,CPU,130.0,30.0,193.0,106.0,1400,AMD
527,527,CPU,32.0,65.0,315.0,1200.0,2600,AMD
528,528,CPU,32.0,35.0,81.0,384.0,2800,Intel
529,529,CPU,22.0,80.0,160.0,1400.0,1800,Intel
530,530,CPU,32.0,65.0,131.0,504.0,2800,Intel
531,531,CPU,65.0,10.0,111.0,293.0,1073,Intel
532,532,CPU,32.0,80.0,216.0,1160.0,3200,Intel
533,533,CPU,65.0,65.0,77.0,105.0,1800,Intel
534,534,CPU,32.0,17.0,131.0,504.0,1600,Intel
536,536,CPU,45.0,95.0,169.0,300.0,3000,AMD
537,537,CPU,45.0,125.0,346.0,904.0,2800,AMD
539,539,CPU,14.0,65.0,192.0,4800.0,3200,AMD
543,543,CPU,130.0,45.0,101.0,63.0,2200,AMD
545,545,CPU,130.0,62.0,101.0,63.0,1833,AMD
546,546,CPU,32.0,95.0,315.0,1200.0,3200,AMD
547,547,CPU,65.0,45.0,126.0,154.0,2600,AMD
549,549,CPU,22.0,88.0,177.0,1400.0,3500,Intel
550,550,CPU,22.0,47.0,264.0,1400.0,1600,Intel
551,551,CPU,14.0,170.0,213.0,4800.0,2200,AMD
552,552,CPU,14.0,180.0,213.0,4800.0,2000,AMD
553,553,CPU,22.0,84.0,177.0,1400.0,3100,Intel
554,554,CPU,22.0,54.0,177.0,1400.0,3500,Intel
556,556,CPU,180.0,68.0,120.0,37.0,1300,AMD
558,558,CPU,65.0,10.0,111.0,293.0,1333,Intel
559,559,CPU,32.0,130.0,513.0,2600.0,2276,Intel
560,560,CPU,65.0,79.0,285.0,463.0,2000,AMD
561,561,CPU,130.0,89.0,217.0,55.0,3066,Intel
563,563,CPU,90.0,9.0,84.0,69.0,1000,AMD
564,564,CPU,90.0,62.0,84.0,63.0,1800,AMD
565,565,CPU,90.0,62.0,103.0,81.0,1800,AMD
566,566,CPU,130.0,82.0,193.0,106.0,2000,AMD
567,567,CPU,14.0,35.0,148.0,4800.0,3500,AMD
568,568,CPU,32.0,130.0,239.0,1170.0,3600,Intel
569,569,CPU,65.0,95.0,285.0,450.0,2500,AMD
570,570,CPU,130.0,62.0,80.0,37.0,1500,AMD
571,571,CPU,180.0,69.0,217.0,42.0,1900,Intel
572,572,CPU,65.0,95.0,285.0,450.0,2300,AMD
574,574,CPU,130.0,51.0,80.0,37.0,1533,AMD
576,576,CPU,32.0,35.0,131.0,504.0,2500,Intel
578,578,CPU,130.0,68.0,101.0,63.0,1833,AMD
579,579,CPU,180.0,27.0,80.0,44.0,933,Intel
580,580,CPU,32.0,35.0,81.0,384.0,2000,Intel
581,581,CPU,65.0,10.0,111.0,293.0,1333,Intel
582,582,CPU,32.0,73.0,81.0,382.0,2266,Intel
583,583,CPU,90.0,27.0,84.0,140.0,2000,Intel
584,584,CPU,32.0,45.0,315.0,1200.0,2800,AMD
585,585,CPU,90.0,67.0,83.0,69.0,2000,AMD
586,586,CPU,90.0,135.0,213.0,200.0,2800,Intel
587,587,CPU,32.0,35.0,246.0,1178.0,2100,AMD
588,588,CPU,32.0,17.0,131.0,504.0,1200,Intel
590,590,CPU,130.0,35.0,131.0,55.0,2500,Intel
592,592,CPU,7.0,225.0,74.0,3800.0,2900,AMD
593,593,CPU,90.0,62.0,183.0,154.0,1800,AMD
595,595,CPU,130.0,32.0,131.0,55.0,1900,Intel
596,596,CPU,65.0,65.0,126.0,154.0,1900,AMD
597,597,CPU,7.0,180.0,74.0,3800.0,2800,AMD
598,598,CPU,45.0,95.0,296.0,774.0,3066,Intel
599,599,CPU,90.0,115.0,109.0,125.0,3600,Intel
600,600,CPU,65.0,86.0,81.0,188.0,3600,Intel
601,601,CPU,45.0,35.0,107.0,410.0,2300,Intel
602,602,CPU,32.0,73.0,81.0,382.0,3200,Intel
603,603,CPU,130.0,85.0,193.0,106.0,1800,AMD
604,604,CPU,90.0,115.0,109.0,125.0,2800,Intel
607,607,CPU,7.0,280.0,74.0,3800.0,2600,AMD
609,609,CPU,45.0,80.0,258.0,758.0,3000,AMD
610,610,CPU,90.0,45.0,3.0,154.0,2200,AMD
612,612,CPU,130.0,89.0,193.0,106.0,2200,AMD
613,613,CPU,32.0,35.0,149.0,624.0,2200,Intel
614,614,CPU,22.0,84.0,177.0,1400.0,3400,Intel
616,616,CPU,45.0,95.0,169.0,300.0,3200,AMD
617,617,CPU,32.0,95.0,216.0,1160.0,3200,Intel
618,618,CPU,90.0,125.0,235.0,227.0,3200,AMD
619,619,CPU,22.0,115.0,160.0,1400.0,2500,Intel
620,620,CPU,45.0,3.0,26.0,47.0,1000,Intel
621,621,CPU,180.0,52.0,120.0,37.0,950,AMD
622,622,CPU,65.0,95.0,285.0,450.0,2800,AMD
624,624,CPU,90.0,62.0,84.0,63.0,1600,AMD
625,625,CPU,22.0,300.0,350.0,5000.0,1053,Intel
626,626,CPU,7.0,200.0,74.0,3800.0,2000,AMD
628,628,CPU,45.0,65.0,104.0,410.0,3000,Intel
629,629,CPU,45.0,60.0,263.0,731.0,2133,Intel
630,630,CPU,130.0,89.0,193.0,106.0,2200,AMD
631,631,CPU,22.0,225.0,350.0,5000.0,1053,Intel
632,632,CPU,22.0,35.0,177.0,1400.0,3000,Intel
635,635,CPU,32.0,95.0,315.0,1200.0,2800,AMD
636,636,CPU,14.0,180.0,213.0,9600.0,3200,AMD
637,637,CPU,22.0,270.0,350.0,5000.0,1238,Intel
639,639,CPU,130.0,82.0,193.0,106.0,1800,AMD
641,641,CPU,32.0,17.0,149.0,624.0,1300,Intel
643,643,CPU,130.0,82.0,193.0,106.0,1800,AMD
646,646,CPU,45.0,2.0,26.0,47.0,2133,Intel
647,647,CPU,32.0,65.0,131.0,504.0,2800,Intel
648,648,CPU,45.0,95.0,258.0,758.0,2800,AMD
649,649,CPU,32.0,35.0,315.0,1200.0,2200,AMD
650,650,CPU,14.0,65.0,210.0,4950.0,3600,AMD
651,651,CPU,32.0,65.0,131.0,504.0,2400,Intel
652,652,CPU,14.0,65.0,192.0,4800.0,3500,AMD
653,653,CPU,45.0,95.0,346.0,904.0,2900,AMD
655,655,CPU,45.0,65.0,82.0,228.0,2500,Intel
656,656,CPU,130.0,89.0,193.0,106.0,2400,AMD
657,657,CPU,65.0,65.0,285.0,450.0,1800,AMD
658,658,CPU,90.0,27.0,84.0,140.0,2130,Intel
659,659,CPU,45.0,95.0,82.0,456.0,2333,Intel
661,661,CPU,180.0,70.0,120.0,37.0,1333,AMD
662,662,CPU,90.0,67.0,84.0,69.0,2000,AMD
664,664,CPU,45.0,65.0,258.0,758.0,2600,AMD
665,665,CPU,45.0,10.0,66.0,123.0,1834,Intel
668,668,CPU,65.0,31.0,90.0,151.0,1826,Intel
669,669,CPU,130.0,26.0,131.0,55.0,1500,Intel
671,671,CPU,130.0,89.0,217.0,55.0,2660,Intel
672,672,CPU,90.0,73.0,109.0,125.0,2530,Intel
673,673,CPU,65.0,65.0,77.0,105.0,2000,Intel
675,675,CPU,32.0,45.0,228.0,1178.0,1800,AMD
677,677,CPU,22.0,300.0,350.0,5000.0,1100,Intel
678,678,CPU,45.0,95.0,258.0,758.0,3000,AMD
682,682,CPU,45.0,2.0,26.0,47.0,2000,Intel
683,683,CPU,45.0,95.0,169.0,300.0,2600,AMD
684,684,CPU,14.0,180.0,213.0,9600.0,3400,AMD
685,685,CPU,22.0,80.0,160.0,1400.0,2200,Intel
686,686,CPU,32.0,35.0,246.0,1178.0,2900,AMD
687,687,CPU,65.0,95.0,285.0,450.0,2200,AMD
688,688,CPU,45.0,65.0,82.0,228.0,2533,Intel
690,690,CPU,65.0,9.0,90.0,151.0,1200,Intel
691,691,CPU,90.0,88.0,112.0,125.0,3467,Intel
693,693,CPU,32.0,130.0,435.0,2270.0,2400,Intel
694,694,CPU,45.0,65.0,82.0,228.0,2700,Intel
696,696,CPU,32.0,20.0,131.0,504.0,2200,Intel
699,699,CPU,45.0,80.0,258.0,758.0,3400,AMD
701,701,CPU,90.0,35.0,125.0,114.0,1800,AMD
702,702,CPU,65.0,15.0,90.0,151.0,1666,Intel
705,705,CPU,90.0,84.0,109.0,125.0,2930,Intel
707,707,CPU,180.0,55.0,217.0,42.0,1400,Intel
708,708,CPU,32.0,65.0,131.0,504.0,3000,Intel
709,709,CPU,90.0,135.0,135.0,155.0,3000,Intel
710,710,CPU,130.0,89.0,193.0,105.0,2400,AMD
711,711,CPU,32.0,15.0,246.0,1178.0,1650,AMD
712,712,CPU,65.0,25.0,77.0,122.0,2000,AMD
714,714,CPU,32.0,17.0,131.0,504.0,1300,Intel
715,715,CPU,130.0,68.0,101.0,63.0,1917,AMD
716,716,CPU,22.0,69.0,160.0,1400.0,3500,Intel
720,720,CPU,130.0,50.0,80.0,37.0,1467,AMD
721,721,CPU,7.0,105.0,74.0,3800.0,3800,AMD
722,722,CPU,130.0,89.0,193.0,106.0,2400,AMD
724,724,CPU,90.0,115.0,109.0,125.0,3800,Intel
725,725,CPU,45.0,95.0,107.0,820.0,2666,Intel
726,726,CPU,22.0,77.0,160.0,1400.0,3400,Intel
727,727,CPU,32.0,220.0,315.0,1200.0,4400,AMD
728,728,CPU,90.0,115.0,109.0,125.0,3600,Intel
730,730,CPU,90.0,67.0,83.0,69.0,2200,AMD
731,731,CPU,90.0,135.0,135.0,155.0,3200,Intel
732,732,CPU,65.0,86.0,81.0,188.0,3400,Intel
735,735,CPU,45.0,4.0,26.0,47.0,1600,Intel
736,736,CPU,45.0,25.0,117.0,410.0,1600,AMD
737,737,CPU,90.0,84.0,109.0,125.0,2660,Intel
739,739,CPU,90.0,84.0,109.0,125.0,2800,Intel
742,742,CPU,14.0,180.0,213.0,9600.0,3500,AMD
743,743,CPU,32.0,80.0,216.0,1160.0,3300,Intel
745,745,CPU,130.0,24.0,100.0,77.0,1400,Intel
746,746,CPU,32.0,80.0,239.0,1170.0,2533,Intel
748,748,CPU,32.0,17.0,149.0,624.0,1700,Intel
749,749,CPU,22.0,12.0,118.0,1400.0,1400,Intel
750,750,CPU,32.0,35.0,131.0,504.0,2200,Intel
751,751,CPU,32.0,65.0,246.0,1178.0,3700,AMD
752,752,CPU,28.0,65.0,246.0,1178.0,3500,AMD
753,753,CPU,90.0,25.0,125.0,114.0,1800,AMD
755,755,CPU,65.0,45.0,77.0,122.0,2400,AMD
758,758,CPU,32.0,45.0,216.0,1160.0,2200,Intel
759,759,CPU,130.0,82.0,193.0,106.0,1400,AMD
760,760,CPU,7.0,200.0,74.0,3800.0,2200,AMD
762,762,CPU,90.0,84.0,109.0,125.0,2800,Intel
763,763,CPU,90.0,67.0,84.0,69.0,2200,AMD
764,764,CPU,130.0,62.0,193.0,106.0,1800,AMD
765,765,CPU,65.0,10.0,111.0,293.0,1073,Intel
766,766,CPU,65.0,95.0,285.0,450.0,2500,AMD
767,767,CPU,130.0,30.0,131.0,55.0,1700,Intel
768,768,CPU,90.0,35.0,103.0,81.0,1800,AMD
769,769,CPU,32.0,17.0,149.0,624.0,1300,Intel
770,770,CPU,45.0,65.0,117.0,410.0,3400,AMD
771,771,CPU,45.0,13.0,66.0,176.0,1834,Intel
772,772,CPU,7.0,200.0,74.0,3800.0,2000,AMD
773,773,CPU,22.0,35.0,177.0,1400.0,2600,Intel
774,774,CPU,22.0,130.0,257.0,1860.0,3400,Intel
775,775,CPU,130.0,45.0,101.0,63.0,1800,AMD
776,776,CPU,130.0,89.0,193.0,106.0,2000,AMD
777,777,CPU,45.0,80.0,263.0,731.0,2266,Intel
778,778,CPU,90.0,35.0,125.0,114.0,2400,AMD
779,779,CPU,14.0,65.0,192.0,4800.0,3200,AMD
781,781,CPU,22.0,54.0,177.0,1400.0,2800,Intel
782,782,CPU,22.0,47.0,264.0,1400.0,2400,Intel
785,785,CPU,90.0,125.0,235.0,227.0,2800,AMD
786,786,CPU,45.0,3.0,65.0,140.0,1500,Intel
788,788,CPU,32.0,35.0,149.0,624.0,2100,Intel
789,789,CPU,90.0,110.0,156.0,154.0,2400,AMD
793,793,CPU,32.0,73.0,81.0,382.0,3333,Intel
794,794,CPU,32.0,35.0,228.0,1178.0,1800,AMD
795,795,CPU,32.0,95.0,315.0,1200.0,3300,AMD
796,796,CPU,130.0,60.0,80.0,37.0,1667,AMD
797,797,CPU,65.0,65.0,77.0,105.0,1600,Intel
798,798,CPU,32.0,65.0,131.0,504.0,3100,Intel
801,801,CPU,130.0,62.0,80.0,37.0,1667,AMD
802,802,CPU,32.0,35.0,131.0,504.0,1800,Intel
804,804,CPU,22.0,15.0,118.0,1400.0,1400,Intel
805,805,CPU,32.0,40.0,239.0,1170.0,1866,Intel
807,807,CPU,90.0,62.0,183.0,154.0,2000,AMD
808,808,CPU,12.0,250.0,213.0,19200.0,3000,AMD
809,809,CPU,28.0,15.0,124.0,1200.0,3000,AMD
810,810,CPU,130.0,82.0,193.0,106.0,2400,AMD
811,811,CPU,90.0,84.0,109.0,125.0,2800,Intel
812,812,CPU,45.0,65.0,258.0,758.0,2400,AMD
813,813,CPU,28.0,95.0,246.0,1178.0,3900,AMD
814,814,CPU,22.0,130.0,160.0,1400.0,3500,Intel
815,815,CPU,45.0,140.0,258.0,758.0,3400,AMD
816,816,CPU,14.0,180.0,213.0,9600.0,3200,AMD
817,817,CPU,45.0,45.0,169.0,300.0,2300,AMD
821,821,CPU,12.0,15.0,210.0,4940.0,2300,AMD
822,822,CPU,180.0,72.0,120.0,37.0,1400,AMD
823,823,CPU,45.0,125.0,258.0,758.0,3400,AMD
825,825,CPU,90.0,84.0,109.0,169.0,3600,Intel
827,827,CPU,65.0,65.0,118.0,221.0,2000,AMD
828,828,CPU,130.0,55.0,193.0,106.0,2000,AMD
833,833,CPU,7.0,25.0,156.0,9800.0,1800,AMD
834,834,CPU,45.0,80.0,258.0,758.0,3500,AMD
836,836,CPU,45.0,3.0,26.0,47.0,600,Intel
837,837,CPU,130.0,82.0,193.0,106.0,1600,AMD
838,838,CPU,32.0,25.0,246.0,1178.0,1700,AMD
840,840,CPU,130.0,89.0,193.0,69.0,1800,AMD
841,841,CPU,90.0,67.0,83.0,69.0,2200,AMD
842,842,CPU,90.0,89.0,220.0,154.0,2800,AMD
843,843,CPU,32.0,65.0,228.0,1178.0,2100,AMD
846,846,CPU,32.0,15.0,246.0,1178.0,1500,AMD
847,847,CPU,45.0,95.0,258.0,758.0,2500,AMD
849,849,CPU,32.0,35.0,81.0,382.0,2534,Intel
853,853,CPU,14.0,35.0,192.0,4800.0,3200,AMD
854,854,CPU,32.0,115.0,315.0,2400.0,2400,AMD
855,855,CPU,45.0,125.0,258.0,758.0,3600,AMD
857,857,CPU,130.0,30.0,193.0,106.0,1400,AMD
858,858,CPU,45.0,2.0,26.0,47.0,1867,Intel
859,859,CPU,32.0,95.0,216.0,1160.0,3600,Intel
860,860,CPU,7.0,180.0,74.0,3800.0,2500,AMD
861,861,CPU,45.0,80.0,263.0,731.0,2266,Intel
862,862,CPU,90.0,84.0,109.0,125.0,3060,Intel
863,863,CPU,65.0,5.0,143.0,291.0,1067,Intel
864,864,CPU,130.0,89.0,193.0,106.0,2200,AMD
867,867,CPU,45.0,65.0,117.0,410.0,2900,AMD
868,868,CPU,45.0,95.0,169.0,300.0,3200,AMD
869,869,CPU,65.0,95.0,435.0,1328.0,2500,Intel
870,870,CPU,32.0,35.0,149.0,624.0,2400,Intel
873,873,CPU,32.0,85.0,316.0,2400.0,1600,AMD
874,874,CPU,7.0,105.0,74.0,3800.0,3900,AMD
877,877,CPU,28.0,65.0,246.0,1178.0,3100,AMD
878,878,CPU,22.0,150.0,160.0,1400.0,2300,Intel
879,879,CPU,7.0,65.0,74.0,3800.0,3600,AMD
880,880,CPU,14.0,170.0,213.0,4800.0,2100,AMD
881,881,CPU,90.0,84.0,109.0,125.0,2933,Intel
882,882,CPU,130.0,82.0,193.0,106.0,1800,AMD
884,884,CPU,65.0,65.0,285.0,450.0,1800,AMD
885,885,CPU,22.0,95.0,160.0,1400.0,2500,Intel
886,886,CPU,180.0,29.0,80.0,44.0,1133,Intel
888,888,CPU,90.0,59.0,1.0,154.0,2400,AMD
890,890,CPU,7.0,240.0,74.0,3800.0,3200,AMD
891,891,CPU,28.0,65.0,246.0,1178.0,3500,AMD
892,892,CPU,14.0,65.0,192.0,4800.0,3000,AMD
893,893,CPU,32.0,17.0,246.0,1178.0,2000,AMD
894,894,CPU,45.0,65.0,82.0,228.0,3067,Intel
895,895,CPU,90.0,45.0,3.0,154.0,2400,AMD
896,896,CPU,32.0,95.0,315.0,1200.0,3900,AMD
897,897,CPU,22.0,37.0,118.0,1400.0,2000,Intel
898,898,CPU,130.0,51.0,80.0,37.0,1533,AMD
899,899,CPU,22.0,47.0,264.0,1400.0,2800,Intel
901,901,CPU,45.0,95.0,82.0,456.0,2500,Intel
902,902,CPU,45.0,65.0,82.0,228.0,2933,Intel
903,903,CPU,90.0,88.0,112.0,125.0,3067,Intel
904,904,CPU,45.0,65.0,107.0,410.0,2833,Intel
905,905,CPU,130.0,68.0,80.0,37.0,2083,AMD
908,908,CPU,45.0,95.0,258.0,758.0,3200,AMD
909,909,CPU,130.0,68.0,101.0,63.0,2083,AMD
912,912,CPU,130.0,89.0,193.0,105.0,2400,AMD
914,914,CPU,45.0,95.0,169.0,300.0,3300,AMD
915,915,CPU,130.0,89.0,193.0,106.0,2200,AMD
916,916,CPU,28.0,95.0,246.0,1178.0,3700,AMD
917,917,CPU,7.0,155.0,74.0,3800.0,2200,AMD
918,918,CPU,45.0,130.0,263.0,731.0,3066,Intel
919,919,CPU,32.0,35.0,81.0,382.0,2400,Intel
920,920,CPU,90.0,84.0,109.0,125.0,2800,Intel
923,923,CPU,45.0,80.0,258.0,758.0,3200,AMD
925,925,CPU,90.0,27.0,84.0,140.0,1730,Intel
927,927,CPU,65.0,95.0,285.0,450.0,2500,AMD
930,930,CPU,22.0,115.0,160.0,1400.0,2000,Intel
931,931,CPU,14.0,95.0,160.0,1400.0,3500,Intel
932,932,CPU,32.0,65.0,228.0,1178.0,2700,AMD
934,934,CPU,7.0,105.0,74.0,3800.0,3500,AMD
936,936,CPU,32.0,125.0,315.0,1200.0,4200,AMD
937,937,CPU,130.0,62.0,193.0,106.0,1800,AMD
938,938,CPU,12.0,65.0,192.0,4800.0,3400,AMD
939,939,CPU,22.0,100.0,160.0,1400.0,2200,Intel
940,940,CPU,32.0,130.0,435.0,2270.0,3200,Intel
941,941,CPU,130.0,73.0,146.0,55.0,2000,Intel
942,942,CPU,45.0,95.0,82.0,456.0,2500,Intel
943,943,CPU,32.0,73.0,81.0,382.0,2800,Intel
944,944,CPU,130.0,66.0,131.0,55.0,2667,Intel
945,945,CPU,22.0,45.0,160.0,1480.0,2400,Intel
946,946,CPU,32.0,95.0,216.0,1160.0,3500,Intel
947,947,CPU,130.0,89.0,193.0,106.0,2400,AMD
948,948,CPU,7.0,35.0,156.0,9800.0,3000,AMD
951,951,CPU,65.0,130.0,140.0,376.0,3730,Intel
952,952,CPU,90.0,51.0,84.0,69.0,2000,AMD
953,953,CPU,65.0,35.0,143.0,293.0,2333,Intel
954,954,CPU,22.0,25.0,118.0,1400.0,1600,Intel
956,956,CPU,65.0,65.0,285.0,450.0,2100,AMD
957,957,CPU,32.0,35.0,131.0,504.0,2600,Intel
959,959,CPU,90.0,115.0,109.0,125.0,3400,Intel
961,961,CPU,45.0,95.0,258.0,758.0,2600,AMD
962,962,CPU,14.0,51.0,150.0,1400.0,3800,Intel
963,963,CPU,22.0,165.0,160.0,1400.0,2500,Intel
964,964,CPU,45.0,65.0,82.0,228.0,3200,Intel
965,965,CPU,45.0,130.0,263.0,731.0,2800,Intel
967,967,CPU,130.0,55.0,193.0,106.0,2000,AMD
968,968,CPU,65.0,95.0,285.0,450.0,2400,AMD
969,969,CPU,32.0,65.0,228.0,1178.0,2200,AMD
970,970,CPU,32.0,17.0,246.0,1178.0,2200,AMD
971,971,CPU,28.0,95.0,246.0,1178.0,3500,AMD
975,975,CPU,90.0,65.0,220.0,154.0,2000,AMD
976,976,CPU,12.0,15.0,210.0,4940.0,2100,AMD
977,977,CPU,180.0,61.0,217.0,42.0,1600,Intel
978,978,CPU,22.0,35.0,177.0,1400.0,2800,Intel
979,979,CPU,22.0,54.0,177.0,1400.0,3600,Intel
980,980,CPU,90.0,115.0,109.0,125.0,3000,Intel
981,981,CPU,32.0,65.0,131.0,504.0,3300,Intel
982,982,CPU,130.0,24.0,100.0,77.0,1600,Intel
983,983,CPU,90.0,84.0,109.0,125.0,3200,Intel
984,984,CPU,130.0,62.0,193.0,106.0,2000,AMD
985,985,CPU,65.0,95.0,140.0,376.0,3000,Intel
986,986,CPU,45.0,45.0,169.0,300.0,2200,AMD
987,987,CPU,22.0,15.0,118.0,1300.0,1700,Intel
991,991,CPU,65.0,45.0,77.0,122.0,2700,AMD
992,992,CPU,130.0,62.0,80.0,37.0,1667,AMD
993,993,CPU,90.0,35.0,125.0,114.0,2000,AMD
994,994,CPU,130.0,29.0,80.0,44.0,1133,Intel
996,996,CPU,65.0,35.0,111.0,293.0,2000,Intel
997,997,CPU,22.0,15.0,118.0,1400.0,1700,Intel
998,998,CPU,180.0,55.0,217.0,42.0,1400,Intel
999,999,CPU,45.0,3.0,26.0,47.0,1600,Intel
1001,1001,CPU,32.0,35.0,246.0,1178.0,2100,AMD
1004,1004,CPU,90.0,65.0,220.0,154.0,2000,AMD
1006,1006,CPU,28.0,6.0,124.0,1200.0,1800,AMD
1007,1007,CPU,130.0,24.0,100.0,77.0,1500,Intel
1008,1008,CPU,22.0,300.0,350.0,5000.0,1238,Intel
1009,1009,CPU,130.0,25.0,144.0,69.0,1600,AMD
1010,1010,CPU,45.0,35.0,107.0,410.0,2000,Intel
1011,1011,CPU,65.0,65.0,143.0,291.0,1866,Intel
1012,1012,CPU,65.0,65.0,126.0,154.0,2100,AMD
1014,1014,CPU,130.0,45.0,101.0,63.0,2000,AMD
1016,1016,CPU,65.0,95.0,140.0,376.0,3200,Intel
1017,1017,CPU,180.0,72.0,150.0,37.0,1733,AMD
1018,1018,CPU,32.0,35.0,131.0,504.0,2500,Intel
1019,1019,CPU,65.0,31.0,90.0,151.0,1600,Intel
1020,1020,CPU,130.0,89.0,193.0,105.0,2000,AMD
1021,1021,CPU,22.0,54.0,177.0,1400.0,3000,Intel
1022,1022,CPU,90.0,84.0,109.0,125.0,2933,Intel
1026,1026,CPU,45.0,130.0,263.0,731.0,2933,Intel
1027,1027,CPU,65.0,65.0,143.0,291.0,2133,Intel
1029,1029,CPU,45.0,35.0,107.0,410.0,2200,Intel
1031,1031,CPU,32.0,45.0,228.0,1178.0,1700,AMD
1032,1032,CPU,180.0,70.0,150.0,37.0,1667,AMD
1033,1033,CPU,45.0,130.0,263.0,731.0,3200,Intel
1036,1036,CPU,32.0,130.0,239.0,1170.0,2933,Intel
1039,1039,CPU,32.0,55.0,216.0,1160.0,2700,Intel
1040,1040,CPU,45.0,65.0,107.0,410.0,3166,Intel
1041,1041,CPU,65.0,65.0,118.0,221.0,1800,AMD
1042,1042,CPU,32.0,125.0,315.0,1200.0,4200,AMD
1045,1045,CPU,7.0,95.0,74.0,3800.0,3800,AMD
1046,1046,CPU,65.0,65.0,77.0,105.0,1600,Intel
1047,1047,CPU,14.0,170.0,213.0,4800.0,2500,AMD
1048,1048,CPU,130.0,45.0,101.0,63.0,1862,AMD
1049,1049,CPU,32.0,25.0,246.0,1178.0,2000,AMD
1051,1051,CPU,32.0,100.0,228.0,1178.0,2700,AMD
1052,1052,CPU,28.0,15.0,124.0,1200.0,3100,AMD
1054,1054,CPU,22.0,47.0,264.0,1400.0,2200,Intel
1055,1055,CPU,45.0,7.0,26.0,47.0,1200,Intel
1056,1056,CPU,180.0,47.0,120.0,37.0,850,AMD
1057,1057,CPU,28.0,65.0,246.0,1178.0,3800,AMD
1060,1060,CPU,32.0,95.0,315.0,1200.0,3800,AMD
1061,1061,CPU,32.0,17.0,246.0,1303.0,1900,AMD
1064,1064,CPU,45.0,130.0,263.0,731.0,2933,Intel
1065,1065,CPU,32.0,65.0,246.0,1178.0,3400,AMD
1066,1066,CPU,28.0,10.0,124.0,1200.0,2400,AMD
1068,1068,CPU,130.0,62.0,101.0,63.0,2000,AMD
1071,1071,CPU,45.0,65.0,82.0,228.0,2200,Intel
1074,1074,CPU,65.0,35.0,111.0,293.0,1800,Intel
1076,1076,CPU,32.0,115.0,315.0,2400.0,2800,AMD
1078,1078,CPU,90.0,135.0,213.0,200.0,2667,Intel
1080,1080,CPU,90.0,62.0,84.0,63.0,1800,AMD
1081,1081,CPU,45.0,9.0,87.0,176.0,1500,Intel
1082,1082,CPU,32.0,35.0,246.0,1178.0,2300,AMD
1083,1083,CPU,32.0,35.0,149.0,624.0,2400,Intel
1084,1084,CPU,22.0,130.0,160.0,1400.0,3300,Intel
1085,1085,CPU,45.0,65.0,82.0,456.0,2666,Intel
1086,1086,CPU,65.0,95.0,140.0,376.0,2800,Intel
1088,1088,CPU,65.0,95.0,285.0,450.0,2400,AMD
1089,1089,CPU,45.0,95.0,258.0,758.0,3000,AMD
1091,1091,CPU,22.0,69.0,160.0,1400.0,3100,Intel
1092,1092,CPU,90.0,84.0,109.0,125.0,2933,Intel
1093,1093,CPU,22.0,130.0,160.0,1400.0,2700,Intel
1094,1094,CPU,65.0,95.0,435.0,1328.0,3000,Intel
1096,1096,CPU,65.0,15.0,90.0,151.0,1500,Intel
1097,1097,CPU,45.0,95.0,296.0,774.0,2666,Intel
1099,1099,CPU,22.0,35.0,177.0,1400.0,2900,Intel
1100,1100,CPU,130.0,49.0,80.0,37.0,1400,AMD
1103,1103,CPU,12.0,15.0,210.0,4940.0,2100,AMD
1105,1105,CPU,130.0,89.0,144.0,105.0,2400,AMD
1106,1106,CPU,22.0,300.0,350.0,5000.0,1250,Intel
1107,1107,CPU,45.0,10.0,66.0,123.0,1667,Intel
1108,1108,CPU,45.0,60.0,263.0,731.0,2266,Intel
1110,1110,CPU,90.0,89.0,156.0,154.0,2200,AMD
1111,1111,CPU,130.0,110.0,237.0,178.0,3460,Intel
1113,1113,CPU,65.0,35.0,143.0,293.0,2200,Intel
1117,1117,CPU,32.0,130.0,239.0,1170.0,3200,Intel
1118,1118,CPU,32.0,35.0,131.0,504.0,1900,Intel
1120,1120,CPU,45.0,45.0,169.0,300.0,2300,AMD
1122,1122,CPU,7.0,65.0,74.0,3800.0,3800,AMD
1123,1123,CPU,32.0,35.0,131.0,504.0,2600,Intel
1124,1124,CPU,45.0,45.0,117.0,410.0,2900,AMD
1125,1125,CPU,90.0,84.0,109.0,125.0,3060,Intel
1126,1126,CPU,65.0,65.0,111.0,167.0,2000,Intel
1127,1127,CPU,180.0,72.0,120.0,37.0,1400,AMD
1129,1129,CPU,22.0,130.0,160.0,1400.0,3500,Intel
1132,1132,CPU,22.0,115.0,160.0,1400.0,2200,Intel
1134,1134,CPU,22.0,54.0,177.0,1400.0,3200,Intel
1136,1136,CPU,22.0,84.0,177.0,1400.0,3300,Intel
1138,1138,CPU,130.0,89.0,193.0,105.0,2200,AMD
1140,1140,CPU,22.0,80.0,160.0,1400.0,2600,Intel
1141,1141,CPU,45.0,65.0,104.0,410.0,2667,Intel
1142,1142,CPU,32.0,35.0,131.0,504.0,2400,Intel
1143,1143,CPU,45.0,5.0,107.0,410.0,1400,Intel
1145,1145,CPU,14.0,35.0,192.0,4800.0,3400,AMD
1147,1147,CPU,130.0,25.0,144.0,69.0,1600,AMD
1148,1148,CPU,45.0,95.0,169.0,300.0,2700,AMD
1150,1150,CPU,90.0,59.0,1.0,154.0,2600,AMD
1153,1153,CPU,90.0,135.0,135.0,155.0,3400,Intel
1156,1156,CPU,45.0,95.0,169.0,300.0,3100,AMD
1158,1158,CPU,12.0,65.0,210.0,49.0,3600,AMD
1160,1160,CPU,28.0,45.0,246.0,1178.0,3500,AMD
1161,1161,CPU,14.0,125.0,213.0,9600.0,3100,AMD
1163,1163,CPU,90.0,35.0,220.0,154.0,2000,AMD
1169,1169,CPU,32.0,95.0,435.0,2270.0,2200,Intel
1170,1170,CPU,65.0,35.0,143.0,293.0,2600,Intel
1171,1171,CPU,130.0,85.0,193.0,106.0,1800,AMD
1172,1172,CPU,130.0,24.0,100.0,77.0,1700,Intel
1173,1173,CPU,22.0,140.0,160.0,1400.0,2100,Intel
1174,1174,CPU,45.0,45.0,169.0,300.0,2200,AMD
1177,1177,CPU,45.0,65.0,82.0,228.0,2600,Intel
1178,1178,CPU,130.0,82.0,193.0,106.0,1400,AMD
1179,1179,CPU,45.0,45.0,117.0,234.0,2800,AMD
1180,1180,CPU,90.0,27.0,84.0,140.0,1600,Intel
1181,1181,CPU,45.0,7.0,26.0,47.0,1300,Intel
1182,1182,CPU,130.0,73.0,146.0,55.0,2000,Intel
1183,1183,CPU,130.0,97.0,237.0,286.0,3066,Intel
1185,1185,CPU,130.0,82.0,193.0,106.0,1600,AMD
1186,1186,CPU,32.0,95.0,239.0,1170.0,2666,Intel
1188,1188,CPU,32.0,65.0,228.0,1178.0,2500,AMD
1189,1189,CPU,32.0,125.0,315.0,1200.0,3600,AMD
1190,1190,CPU,32.0,130.0,513.0,2600.0,2000,Intel
1191,1191,CPU,90.0,65.0,220.0,154.0,2000,AMD
1192,1192,CPU,32.0,40.0,239.0,1170.0,2133,Intel
1193,1193,CPU,65.0,5.0,90.0,151.0,1333,Intel
1194,1194,CPU,90.0,84.0,109.0,125.0,2800,Intel
1195,1195,CPU,65.0,35.0,77.0,105.0,2000,Intel
1197,1197,CPU,45.0,3.0,65.0,140.0,1200,Intel
1198,1198,CPU,32.0,100.0,246.0,1178.0,4100,AMD
1199,1199,CPU,32.0,100.0,246.0,1178.0,4000,AMD
1200,1200,CPU,90.0,84.0,109.0,125.0,2930,Intel
1203,1203,CPU,90.0,21.0,84.0,140.0,2000,Intel
1204,1204,CPU,130.0,82.0,193.0,106.0,1600,AMD
1205,1205,CPU,28.0,65.0,246.0,1178.0,3800,AMD
1206,1206,CPU,130.0,62.0,101.0,63.0,1500,AMD
1208,1208,CPU,22.0,37.0,118.0,1400.0,2400,Intel
1211,1211,CPU,32.0,65.0,246.0,1178.0,3200,AMD
1213,1213,CPU,130.0,35.0,193.0,106.0,1800,AMD
1214,1214,CPU,45.0,95.0,263.0,731.0,2933,Intel
1217,1217,CPU,45.0,130.0,263.0,731.0,3200,Intel
1218,1218,CPU,90.0,104.0,115.0,114.0,2800,AMD
1219,1219,CPU,32.0,35.0,246.0,1178.0,2700,AMD
1221,1221,CPU,45.0,65.0,107.0,420.0,2667,Intel
1222,1222,CPU,65.0,95.0,285.0,450.0,2300,AMD
1224,1224,CPU,28.0,65.0,246.0,1178.0,3800,AMD
1225,1225,CPU,130.0,50.0,80.0,37.0,1467,AMD
1226,1226,CPU,90.0,35.0,103.0,81.0,2000,AMD
1227,1227,CPU,32.0,65.0,131.0,504.0,2700,Intel
1232,1232,CPU,45.0,65.0,82.0,228.0,2933,Intel
1233,1233,CPU,22.0,65.0,160.0,1480.0,2700,Intel
1236,1236,CPU,90.0,84.0,109.0,169.0,3200,Intel
1237,1237,CPU,14.0,35.0,192.0,4800.0,3400,AMD
1240,1240,CPU,45.0,125.0,258.0,758.0,3500,AMD
1242,1242,CPU,45.0,80.0,263.0,731.0,2133,Intel
1243,1243,CPU,14.0,51.0,150.0,1400.0,3700,Intel
1244,1244,CPU,7.0,280.0,74.0,3800.0,2700,AMD
1245,1245,CPU,90.0,84.0,109.0,125.0,2933,Intel
1246,1246,CPU,45.0,25.0,117.0,410.0,2000,AMD
1247,1247,CPU,90.0,67.0,84.0,69.0,1800,AMD
1248,1248,CPU,32.0,60.0,239.0,1170.0,2266,Intel
1250,1250,CPU,28.0,6.0,124.0,1200.0,1600,AMD
1253,1253,CPU,130.0,82.0,193.0,106.0,1800,AMD
1254,1254,CPU,32.0,35.0,131.0,504.0,1800,Intel
1255,1255,CPU,90.0,62.0,103.0,81.0,1600,AMD
1256,1256,CPU,90.0,65.0,220.0,154.0,2600,AMD
1260,1260,CPU,90.0,115.0,109.0,125.0,3600,Intel
1261,1261,CPU,90.0,45.0,230.0,227.0,2600,AMD
1262,1262,CPU,90.0,89.0,199.0,233.0,2200,AMD
1263,1263,CPU,65.0,95.0,435.0,1328.0,3000,Intel
1265,1265,CPU,22.0,54.0,177.0,1400.0,3700,Intel
1268,1268,CPU,45.0,95.0,258.0,758.0,2600,AMD
1271,1271,CPU,130.0,24.0,100.0,77.0,1300,Intel
1272,1272,CPU,7.0,95.0,74.0,3800.0,3800,AMD
1273,1273,CPU,90.0,84.0,109.0,125.0,2933,Intel
1278,1278,CPU,45.0,45.0,117.0,410.0,2800,AMD
1279,1279,CPU,32.0,45.0,228.0,1178.0,1900,AMD
1280,1280,CPU,45.0,95.0,82.0,456.0,2666,Intel
1283,1283,CPU,22.0,115.0,160.0,1400.0,2800,Intel
1284,1284,CPU,90.0,67.0,84.0,69.0,2400,AMD
1285,1285,CPU,90.0,65.0,220.0,154.0,2400,AMD
1288,1288,CPU,32.0,115.0,315.0,2400.0,2500,AMD
1289,1289,CPU,45.0,95.0,169.0,300.0,2800,AMD
1290,1290,CPU,65.0,65.0,126.0,154.0,2200,AMD
1292,1292,CPU,90.0,88.0,112.0,125.0,3334,Intel
1293,1293,CPU,130.0,110.0,146.0,55.0,2400,Intel
1294,1294,CPU,45.0,45.0,169.0,300.0,2600,AMD
1295,1295,CPU,45.0,82.0,296.0,774.0,2400,Intel
1296,1296,CPU,45.0,95.0,346.0,904.0,2700,AMD
1298,1298,CPU,22.0,15.0,118.0,1400.0,1700,Intel
1299,1299,CPU,65.0,45.0,126.0,154.0,2500,AMD
1300,1300,CPU,32.0,65.0,131.0,504.0,3400,Intel
1301,1301,CPU,22.0,54.0,177.0,1400.0,2700,Intel
1304,1304,CPU,130.0,85.0,193.0,106.0,1800,AMD
1305,1305,CPU,22.0,130.0,160.0,1400.0,3500,Intel
1306,1306,CPU,22.0,15.0,118.0,1400.0,1400,Intel
1307,1307,CPU,45.0,65.0,258.0,758.0,2500,AMD
1308,1308,CPU,45.0,2.0,26.0,47.0,1334,Intel
1310,1310,CPU,130.0,62.0,80.0,37.0,1833,AMD
1311,1311,CPU,180.0,29.0,80.0,44.0,1133,Intel
1312,1312,CPU,32.0,65.0,131.0,504.0,3300,Intel
1313,1313,CPU,90.0,135.0,169.0,178.0,3600,Intel
1314,1314,CPU,32.0,65.0,131.0,504.0,2600,Intel
1315,1315,CPU,22.0,115.0,160.0,1400.0,2000,Intel
1316,1316,CPU,22.0,115.0,160.0,1400.0,1900,Intel
1317,1317,CPU,22.0,47.0,264.0,1400.0,2500,Intel
1318,1318,CPU,90.0,62.0,103.0,81.0,1800,AMD
1319,1319,CPU,45.0,95.0,169.0,300.0,2900,AMD
1320,1320,CPU,22.0,77.0,160.0,1400.0,3200,Intel
1323,1323,CPU,90.0,84.0,109.0,169.0,3800,Intel
1324,1324,CPU,32.0,95.0,315.0,1200.0,3300,AMD
1325,1325,CPU,90.0,89.0,156.0,154.0,2000,AMD
1327,1327,CPU,130.0,35.0,193.0,106.0,1600,AMD
1328,1328,CPU,22.0,70.0,160.0,1400.0,1700,Intel
1329,1329,CPU,32.0,87.0,81.0,382.0,3333,Intel
1330,1330,CPU,90.0,89.0,83.0,69.0,2400,AMD
1332,1332,CPU,32.0,95.0,315.0,1200.0,3600,AMD
1334,1334,CPU,32.0,73.0,81.0,382.0,2800,Intel
1335,1335,CPU,130.0,62.0,101.0,63.0,1583,AMD
1336,1336,CPU,32.0,95.0,315.0,1200.0,3600,AMD
1337,1337,CPU,45.0,95.0,258.0,758.0,2800,AMD
1338,1338,CPU,130.0,85.0,193.0,106.0,1600,AMD
1339,1339,CPU,7.0,280.0,74.0,3800.0,3500,AMD
1340,1340,CPU,65.0,65.0,111.0,167.0,2600,Intel
1341,1341,CPU,32.0,35.0,149.0,624.0,2200,Intel
1342,1342,CPU,45.0,95.0,296.0,774.0,2933,Intel
1343,1343,CPU,32.0,8.0,246.0,1178.0,1000,AMD
1344,1344,CPU,65.0,130.0,140.0,376.0,3600,Intel
1346,1346,CPU,130.0,85.0,193.0,106.0,1600,AMD
1347,1347,CPU,65.0,27.0,90.0,151.0,1833,Intel
1348,1348,CPU,90.0,89.0,199.0,233.0,2400,AMD
1349,1349,CPU,32.0,35.0,228.0,1178.0,1900,AMD
1350,1350,CPU,12.0,65.0,192.0,4800.0,3100,AMD
1352,1352,CPU,22.0,28.0,118.0,1300.0,2800,Intel
1353,1353,CPU,22.0,55.0,160.0,1400.0,3000,Intel
1355,1355,CPU,45.0,130.0,263.0,731.0,2400,Intel
1356,1356,CPU,90.0,51.0,84.0,69.0,2000,AMD
1358,1358,CPU,130.0,110.0,237.0,178.0,3400,Intel
1360,1360,CPU,65.0,95.0,285.0,450.0,2100,AMD
1361,1361,CPU,32.0,73.0,81.0,382.0,2933,Intel
1362,1362,CPU,32.0,100.0,228.0,1178.0,2800,AMD
1363,1363,CPU,90.0,62.0,84.0,63.0,2000,AMD
1366,1366,CPU,22.0,15.0,118.0,1300.0,1500,Intel
1367,1367,CPU,130.0,82.0,193.0,106.0,1800,AMD
1368,1368,CPU,32.0,35.0,149.0,624.0,2300,Intel
1370,1370,CPU,130.0,82.0,193.0,106.0,1800,AMD
1371,1371,CPU,130.0,30.0,80.0,44.0,1333,Intel
1372,1372,CPU,32.0,130.0,239.0,1170.0,3333,Intel
1375,1375,CPU,45.0,95.0,346.0,904.0,3000,AMD
1377,1377,CPU,7.0,54.0,156.0,9800.0,3200,AMD
1379,1379,CPU,180.0,63.0,120.0,37.0,1133,AMD
1380,1380,CPU,90.0,84.0,109.0,125.0,2800,Intel
1381,1381,CPU,32.0,125.0,315.0,1200.0,4000,AMD
1382,1382,CPU,12.0,15.0,210.0,4940.0,2300,AMD
1385,1385,CPU,45.0,80.0,258.0,758.0,3000,AMD
1386,1386,CPU,65.0,95.0,143.0,582.0,2666,Intel
1387,1387,CPU,22.0,47.0,264.0,1400.0,2500,Intel
1388,1388,CPU,180.0,38.0,120.0,37.0,600,AMD
1389,1389,CPU,45.0,45.0,117.0,410.0,2700,AMD
1390,1390,CPU,90.0,21.0,84.0,140.0,1700,Intel
1391,1391,CPU,65.0,89.0,126.0,154.0,3000,AMD
1393,1393,CPU,32.0,73.0,81.0,382.0,3600,Intel
1394,1394,CPU,90.0,84.0,109.0,125.0,2660,Intel
1395,1395,CPU,45.0,95.0,107.0,820.0,3000,Intel
1396,1396,CPU,32.0,35.0,81.0,382.0,2534,Intel
1397,1397,CPU,32.0,45.0,216.0,1160.0,2400,Intel
1398,1398,CPU,45.0,65.0,82.0,228.0,3200,Intel
1399,1399,CPU,90.0,89.0,220.0,154.0,2200,AMD
1401,1401,CPU,32.0,65.0,131.0,504.0,2900,Intel
1402,1402,CPU,65.0,5.0,143.0,291.0,1200,Intel
1403,1403,CPU,22.0,54.0,177.0,1400.0,3500,Intel
1404,1404,CPU,45.0,125.0,258.0,758.0,2000,AMD
1405,1405,CPU,45.0,95.0,258.0,758.0,2800,AMD
1406,1406,CPU,12.0,65.0,192.0,4800.0,3200,AMD
1408,1408,CPU,7.0,180.0,74.0,3800.0,3700,AMD
1409,1409,CPU,45.0,150.0,107.0,820.0,3200,Intel
1410,1410,CPU,90.0,59.0,1.0,154.0,2200,AMD
1411,1411,CPU,65.0,150.0,435.0,1328.0,3333,Intel
1412,1412,CPU,65.0,65.0,143.0,291.0,2667,Intel
1413,1413,CPU,130.0,110.0,237.0,178.0,3200,Intel
1414,1414,CPU,45.0,65.0,82.0,228.0,3333,Intel
1416,1416,CPU,45.0,65.0,117.0,410.0,3300,AMD
1417,1417,CPU,65.0,95.0,285.0,450.0,2200,AMD
1418,1418,CPU,90.0,22.0,125.0,114.0,1600,AMD
1419,1419,CPU,45.0,130.0,263.0,731.0,3066,Intel
1420,1420,CPU,32.0,17.0,131.0,504.0,1300,Intel
1421,1421,CPU,14.0,120.0,213.0,4800.0,2100,AMD
1422,1422,CPU,7.0,35.0,156.0,9800.0,3000,AMD
1423,1423,CPU,32.0,25.0,246.0,1178.0,2000,AMD
1424,1424,CPU,45.0,2.0,26.0,47.0,1100,Intel
1425,1425,CPU,32.0,125.0,315.0,1200.0,3800,AMD
1426,1426,CPU,22.0,45.0,160.0,1400.0,2500,Intel
1427,1427,CPU,22.0,54.0,177.0,1400.0,2200,Intel
1428,1428,CPU,45.0,65.0,82.0,228.0,2700,Intel
1429,1429,CPU,130.0,68.0,101.0,63.0,1833,AMD
1430,1430,CPU,32.0,100.0,246.0,1178.0,3800,AMD
1432,1432,CPU,32.0,100.0,228.0,1178.0,2600,AMD
1434,1434,CPU,90.0,89.0,156.0,154.0,2000,AMD
1435,1435,CPU,130.0,89.0,193.0,106.0,2200,AMD
1436,1436,CPU,32.0,45.0,216.0,1160.0,2200,Intel
1437,1437,CPU,45.0,95.0,346.0,904.0,2600,AMD
1439,1439,CPU,90.0,62.0,84.0,63.0,2000,AMD
1440,1440,CPU,90.0,35.0,183.0,154.0,2200,AMD
1441,1441,CPU,14.0,65.0,192.0,4800.0,3200,AMD
1442,1442,CPU,130.0,89.0,144.0,69.0,2000,AMD
1446,1446,CPU,130.0,32.0,144.0,69.0,1800,AMD
1447,1447,CPU,7.0,105.0,74.0,3800.0,3800,AMD
1448,1448,CPU,32.0,17.0,131.0,504.0,1200,Intel
1449,1449,CPU,90.0,25.0,125.0,114.0,2200,AMD
1450,1450,CPU,32.0,95.0,239.0,1170.0,3066,Intel
1451,1451,CPU,32.0,17.0,131.0,504.0,1500,Intel
1452,1452,CPU,65.0,125.0,285.0,450.0,2600,AMD
1453,1453,CPU,45.0,45.0,169.0,300.0,2700,AMD
1454,1454,CPU,130.0,45.0,101.0,63.0,1800,AMD
1455,1455,CPU,45.0,130.0,263.0,731.0,3200,Intel
1456,1456,CPU,65.0,65.0,77.0,105.0,2000,Intel
1457,1457,CPU,32.0,80.0,239.0,1170.0,2666,Intel
1458,1458,CPU,32.0,35.0,228.0,1178.0,2100,AMD
1459,1459,CPU,7.0,25.0,156.0,9800.0,2700,AMD
1461,1461,CPU,90.0,73.0,109.0,125.0,3060,Intel
1462,1462,CPU,90.0,35.0,103.0,81.0,1600,AMD
1464,1464,CPU,65.0,45.0,77.0,122.0,2700,AMD
1465,1465,CPU,130.0,89.0,193.0,106.0,2200,AMD
1466,1466,CPU,32.0,35.0,131.0,504.0,2100,Intel
1467,1467,CPU,45.0,45.0,169.0,300.0,2500,AMD
1468,1468,CPU,130.0,68.0,131.0,55.0,2800,Intel
1469,1469,CPU,32.0,35.0,81.0,384.0,2800,Intel
1470,1470,CPU,32.0,130.0,239.0,1170.0,3466,Intel
1471,1471,CPU,22.0,54.0,177.0,1400.0,3800,Intel
1473,1473,CPU,130.0,63.0,80.0,37.0,1800,AMD
1474,1474,CPU,28.0,65.0,246.0,1178.0,3500,AMD
1475,1475,CPU,130.0,89.0,193.0,105.0,2400,AMD
1478,1478,CPU,22.0,65.0,177.0,1400.0,2900,Intel
1480,1480,CPU,130.0,89.0,193.0,106.0,2400,AMD
1481,1481,CPU,32.0,115.0,316.0,2400.0,2100,AMD
1482,1482,CPU,22.0,140.0,356.0,2600.0,3500,Intel
1483,1483,CPU,90.0,32.0,125.0,114.0,1600,AMD
1484,1484,CPU,22.0,37.0,118.0,1400.0,2400,Intel
1487,1487,CPU,130.0,35.0,131.0,55.0,2600,Intel
1488,1488,CPU,65.0,35.0,77.0,105.0,1800,Intel
1491,1491,CPU,130.0,82.0,193.0,106.0,1400,AMD
1492,1492,CPU,32.0,45.0,216.0,1160.0,2400,Intel
1494,1494,CPU,65.0,65.0,77.0,105.0,2200,Intel
1495,1495,CPU,45.0,3.0,26.0,47.0,600,Intel
1497,1497,CPU,22.0,37.0,118.0,1400.0,2800,Intel
1500,1500,CPU,130.0,70.0,131.0,55.0,3067,Intel
1501,1501,CPU,32.0,35.0,246.0,1178.0,2900,AMD
1502,1502,CPU,45.0,60.0,263.0,731.0,2133,Intel
1503,1503,CPU,32.0,80.0,239.0,1170.0,2400,Intel
1504,1504,CPU,28.0,35.0,246.0,1178.0,3000,AMD
1505,1505,CPU,65.0,9.0,90.0,151.0,1066,Intel
1506,1506,CPU,65.0,31.0,90.0,151.0,1992,Intel
1507,1507,CPU,22.0,165.0,160.0,1400.0,2500,Intel
1509,1509,CPU,130.0,92.0,146.0,55.0,2600,Intel
1510,1510,CPU,14.0,79.0,160.0,1400.0,4100,Intel
1511,1511,CPU,130.0,62.0,101.0,63.0,1667,AMD
1512,1512,CPU,14.0,65.0,192.0,4800.0,3000,AMD
1513,1513,CPU,130.0,32.0,144.0,69.0,1800,AMD
1514,1514,CPU,32.0,130.0,435.0,2270.0,3300,Intel
1515,1515,CPU,45.0,95.0,346.0,904.0,2700,AMD
1516,1516,CPU,32.0,35.0,246.0,1178.0,1900,AMD
1517,1517,CPU,22.0,95.0,160.0,1400.0,2200,Intel
1518,1518,CPU,130.0,82.0,131.0,55.0,3000,Intel
1519,1519,CPU,90.0,110.0,199.0,233.0,2600,AMD
1524,1524,CPU,14.0,65.0,192.0,4800.0,3100,AMD
1526,1526,CPU,14.0,50.0,213.0,4800.0,2500,AMD
1527,1527,CPU,90.0,135.0,135.0,155.0,3600,Intel
1528,1528,CPU,32.0,3.0,65.0,140.0,1800,Intel
1530,1530,CPU,22.0,54.0,177.0,1400.0,3200,Intel
1532,1532,CPU,32.0,25.0,246.0,1178.0,2100,AMD
1533,1533,CPU,32.0,35.0,81.0,382.0,2667,Intel
1534,1534,CPU,130.0,35.0,131.0,55.0,2200,Intel
1535,1535,CPU,32.0,35.0,81.0,382.0,2267,Intel
1536,1536,CPU,12.0,180.0,213.0,19200.0,3500,AMD
1538,1538,CPU,90.0,84.0,109.0,125.0,3200,Intel
1540,1540,CPU,45.0,7.0,26.0,47.0,1200,Intel
1546,1546,CPU,32.0,130.0,239.0,1170.0,3333,Intel
1548,1548,CPU,14.0,65.0,210.0,4950.0,3500,AMD
1549,1549,CPU,22.0,54.0,177.0,1400.0,3200,Intel
1550,1550,CPU,45.0,1.0,26.0,47.0,800,Intel
1551,1551,CPU,45.0,65.0,82.0,228.0,2500,Intel
1552,1552,CPU,90.0,89.0,220.0,154.0,2400,AMD
1553,1553,CPU,90.0,67.0,156.0,154.0,2000,AMD
1554,1554,CPU,28.0,95.0,246.0,1178.0,4000,AMD
1555,1555,CPU,32.0,35.0,246.0,1178.0,2500,AMD
1556,1556,CPU,65.0,65.0,118.0,221.0,1800,AMD
1559,1559,CPU,45.0,82.0,296.0,774.0,2533,Intel
1560,1560,CPU,130.0,89.0,131.0,55.0,3400,Intel
1561,1561,CPU,130.0,73.0,146.0,55.0,2600,Intel
1562,1562,CPU,90.0,62.0,183.0,154.0,2200,AMD
1563,1563,CPU,90.0,84.0,109.0,169.0,3000,Intel
1564,1564,CPU,65.0,65.0,76.0,105.0,1866,Intel
1566,1566,CPU,130.0,55.0,193.0,106.0,2000,AMD
1567,1567,CPU,22.0,54.0,177.0,1400.0,3600,Intel
1568,1568,CPU,22.0,84.0,177.0,1400.0,3600,Intel
1570,1570,CPU,130.0,62.0,101.0,63.0,1750,AMD
1572,1572,CPU,65.0,31.0,90.0,151.0,2333,Intel
1573,1573,CPU,65.0,5.0,90.0,151.0,1200,Intel
1574,1574,CPU,130.0,89.0,144.0,69.0,2200,AMD
1575,1575,CPU,14.0,65.0,210.0,4950.0,3600,AMD
1576,1576,CPU,12.0,15.0,210.0,4940.0,2600,AMD
1577,1577,CPU,45.0,25.0,117.0,410.0,1800,AMD
1579,1579,CPU,130.0,89.0,217.0,55.0,2790,Intel
1580,1580,CPU,90.0,115.0,109.0,125.0,3200,Intel
1581,1581,CPU,130.0,65.0,80.0,37.0,2000,AMD
1582,1582,CPU,65.0,65.0,143.0,291.0,1860,Intel
1583,1583,CPU,45.0,80.0,258.0,758.0,3100,AMD
1584,1584,CPU,22.0,54.0,177.0,1400.0,2900,Intel
1585,1585,CPU,32.0,65.0,131.0,504.0,2600,Intel
1587,1587,CPU,90.0,125.0,235.0,227.0,2600,AMD
1588,1588,CPU,45.0,4.0,96.0,47.0,1600,Intel
1589,1589,CPU,7.0,65.0,74.0,3800.0,3600,AMD
1590,1590,CPU,130.0,69.0,131.0,55.0,2600,Intel
1591,1591,CPU,12.0,15.0,210.0,4940.0,2100,AMD
1594,1594,CPU,22.0,47.0,264.0,1400.0,2600,Intel
1595,1595,CPU,130.0,35.0,193.0,106.0,2000,AMD
1596,1596,CPU,180.0,58.0,217.0,42.0,1500,Intel
1597,1597,CPU,14.0,15.0,210.0,4950.0,2300,AMD
1598,1598,CPU,45.0,82.0,296.0,774.0,2666,Intel
1599,1599,CPU,45.0,95.0,263.0,731.0,2800,Intel
1600,1600,CPU,180.0,72.0,217.0,42.0,2000,Intel
1602,1602,CPU,90.0,89.0,220.0,154.0,2400,AMD
1603,1603,CPU,65.0,75.0,143.0,291.0,2933,Intel
1608,1608,CPU,90.0,84.0,109.0,125.0,2667,Intel
1613,1613,CPU,130.0,97.0,237.0,286.0,3200,Intel
1614,1614,CPU,22.0,37.0,118.0,1400.0,2000,Intel
1619,1619,CPU,14.0,65.0,210.0,4950.0,3500,AMD
1620,1620,CPU,45.0,95.0,258.0,758.0,3000,AMD
1621,1621,CPU,7.0,155.0,74.0,3800.0,3500,AMD
1622,1622,CPU,90.0,88.0,112.0,125.0,2800,Intel
1624,1624,CPU,65.0,22.0,77.0,122.0,1800,AMD
1626,1626,CPU,65.0,65.0,126.0,154.0,2500,AMD
1628,1628,CPU,32.0,35.0,131.0,504.0,1900,Intel
1629,1629,CPU,32.0,65.0,216.0,1160.0,2500,Intel
1630,1630,CPU,130.0,30.0,80.0,44.0,1000,Intel
1631,1631,CPU,32.0,35.0,131.0,504.0,2200,Intel
1632,1632,CPU,130.0,82.0,193.0,106.0,1400,AMD
1633,1633,CPU,90.0,65.0,220.0,154.0,2200,AMD
1634,1634,CPU,45.0,125.0,346.0,904.0,3000,AMD
1635,1635,CPU,65.0,95.0,143.0,582.0,2400,Intel
1636,1636,CPU,45.0,35.0,107.0,410.0,2100,Intel
1638,1638,CPU,22.0,54.0,177.0,1400.0,2800,Intel
1639,1639,CPU,65.0,150.0,435.0,1328.0,3166,Intel
1640,1640,CPU,22.0,300.0,350.0,5000.0,1100,Intel
1641,1641,CPU,22.0,54.0,177.0,1400.0,3600,Intel
1642,1642,CPU,32.0,65.0,246.0,1178.0,3700,AMD
1644,1644,CPU,45.0,65.0,82.0,228.0,2933,Intel
1645,1645,CPU,32.0,45.0,246.0,1178.0,2500,AMD
1646,1646,CPU,180.0,66.0,150.0,37.0,1533,AMD
1647,1647,CPU,22.0,95.0,160.0,1400.0,1900,Intel
1648,1648,CPU,28.0,25.0,124.0,1200.0,2900,AMD
1649,1649,CPU,22.0,35.0,177.0,1400.0,2900,Intel
1650,1650,CPU,22.0,15.0,118.0,1400.0,1300,Intel
1651,1651,CPU,45.0,65.0,117.0,410.0,2800,AMD
1652,1652,CPU,130.0,82.0,193.0,106.0,1400,AMD
1655,1655,CPU,32.0,65.0,246.0,1178.0,3500,AMD
1656,1656,CPU,90.0,21.0,84.0,140.0,1800,Intel
1657,1657,CPU,90.0,89.0,156.0,154.0,2400,AMD
1658,1658,CPU,32.0,65.0,315.0,1200.0,2600,AMD
1659,1659,CPU,22.0,95.0,160.0,1400.0,2000,Intel
1660,1660,CPU,14.0,65.0,192.0,4800.0,3100,AMD
1661,1661,CPU,45.0,125.0,346.0,904.0,3500,AMD
1664,1664,CPU,32.0,95.0,239.0,1170.0,2800,Intel
1667,1667,CPU,90.0,62.0,84.0,63.0,1600,AMD
1668,1668,CPU,45.0,80.0,258.0,758.0,2800,AMD
1669,1669,CPU,45.0,65.0,117.0,410.0,3100,AMD
1671,1671,CPU,90.0,115.0,109.0,125.0,3400,Intel
1673,1673,CPU,45.0,80.0,263.0,731.0,1866,Intel
1674,1674,CPU,32.0,65.0,131.0,504.0,2700,Intel
1675,1675,CPU,130.0,89.0,144.0,105.0,2400,AMD
1676,1676,CPU,130.0,66.0,131.0,55.0,2667,Intel
1678,1678,CPU,32.0,115.0,316.0,2400.0,2300,AMD
1679,1679,CPU,32.0,115.0,316.0,2400.0,2400,AMD
1680,1680,CPU,22.0,130.0,160.0,1400.0,3700,Intel
1681,1681,CPU,65.0,95.0,285.0,450.0,2400,AMD
1682,1682,CPU,130.0,35.0,193.0,106.0,1600,AMD
1683,1683,CPU,65.0,95.0,285.0,450.0,2300,AMD
1684,1684,CPU,32.0,95.0,315.0,1200.0,4000,AMD
1685,1685,CPU,65.0,65.0,126.0,154.0,2800,AMD
1688,1688,CPU,32.0,73.0,81.0,382.0,3333,Intel
1690,1690,CPU,90.0,84.0,109.0,125.0,3200,Intel
1693,1693,CPU,130.0,73.0,146.0,55.0,2100,Intel
1696,1696,CPU,32.0,35.0,131.0,504.0,2700,Intel
1697,1697,CPU,32.0,65.0,246.0,1178.0,3600,AMD
1698,1698,CPU,22.0,88.0,177.0,1400.0,4000,Intel
1699,1699,CPU,90.0,84.0,109.0,125.0,3060,Intel
1700,1700,CPU,130.0,30.0,80.0,44.0,1000,Intel
1701,1701,CPU,7.0,35.0,156.0,9800.0,2800,AMD
1702,1702,CPU,7.0,280.0,74.0,3800.0,3700,AMD
1703,1703,CPU,90.0,84.0,109.0,125.0,3060,Intel
1704,1704,CPU,65.0,45.0,126.0,154.0,2300,AMD
1705,1705,CPU,45.0,130.0,107.0,820.0,3000,Intel
1706,1706,CPU,32.0,10.0,66.0,176.0,2133,Intel
1708,1708,CPU,14.0,65.0,192.0,4800.0,3200,AMD
1709,1709,CPU,180.0,63.0,150.0,37.0,1400,AMD
1710,1710,CPU,7.0,280.0,74.0,3800.0,2900,AMD
1711,1711,CPU,22.0,245.0,350.0,5000.0,1053,Intel
1714,1714,CPU,65.0,130.0,140.0,376.0,3400,Intel
1715,1715,CPU,32.0,100.0,228.0,1178.0,3000,AMD
1716,1716,CPU,180.0,61.0,217.0,42.0,1600,Intel
1718,1718,CPU,22.0,115.0,160.0,1400.0,2100,Intel
1719,1719,CPU,7.0,225.0,74.0,3800.0,2400,AMD
1720,1720,CPU,45.0,125.0,258.0,758.0,3000,AMD
1721,1721,CPU,22.0,80.0,160.0,1400.0,2400,Intel
1723,1723,CPU,90.0,89.0,115.0,105.0,2400,AMD
1724,1724,CPU,32.0,17.0,149.0,624.0,1600,Intel
1725,1725,CPU,65.0,130.0,143.0,582.0,2933,Intel
1727,1727,CPU,7.0,65.0,74.0,3800.0,3600,AMD
1728,1728,CPU,22.0,140.0,356.0,2600.0,3000,Intel
1729,1729,CPU,32.0,65.0,131.0,504.0,2500,Intel
1730,1730,CPU,14.0,51.0,150.0,1400.0,3300,Intel
1731,1731,CPU,45.0,3.0,26.0,47.0,600,Intel
1732,1732,CPU,130.0,110.0,146.0,55.0,3060,Intel
1734,1734,CPU,130.0,30.0,80.0,44.0,1200,Intel
1735,1735,CPU,130.0,25.0,144.0,69.0,1800,AMD
1736,1736,CPU,32.0,95.0,239.0,1170.0,2933,Intel
1737,1737,CPU,14.0,140.0,213.0,9600.0,3200,AMD
1738,1738,CPU,32.0,45.0,216.0,1160.0,2400,Intel
1739,1739,CPU,45.0,130.0,263.0,731.0,2666,Intel
1740,1740,CPU,45.0,65.0,82.0,228.0,2400,Intel
1742,1742,CPU,90.0,135.0,213.0,200.0,3000,Intel
1743,1743,CPU,32.0,95.0,216.0,1160.0,3100,Intel
1744,1744,CPU,65.0,27.0,90.0,151.0,1660,Intel
1746,1746,CPU,90.0,84.0,109.0,125.0,3000,Intel
1747,1747,CPU,90.0,84.0,109.0,169.0,3400,Intel
1748,1748,CPU,45.0,130.0,263.0,731.0,3200,Intel
1749,1749,CPU,45.0,65.0,82.0,228.0,2800,Intel
1751,1751,CPU,130.0,53.0,80.0,37.0,1600,AMD
1752,1752,CPU,32.0,4.0,246.0,1178.0,1000,AMD
1753,1753,CPU,130.0,89.0,217.0,55.0,2394,Intel
1754,1754,CPU,130.0,82.0,193.0,106.0,1600,AMD
1755,1755,CPU,90.0,84.0,109.0,125.0,2800,Intel
1756,1756,CPU,22.0,69.0,160.0,1400.0,3600,Intel
1757,1757,CPU,32.0,45.0,216.0,1160.0,2500,Intel
1758,1758,CPU,22.0,130.0,160.0,1400.0,3400,Intel
1760,1760,CPU,14.0,35.0,192.0,4800.0,3400,AMD
1761,1761,CPU,45.0,1.0,65.0,140.0,800,Intel
1762,1762,CPU,32.0,17.0,131.0,504.0,1100,Intel
1763,1763,CPU,32.0,130.0,239.0,1170.0,3333,Intel
1764,1764,CPU,65.0,84.0,109.0,125.0,3200,Intel
1766,1766,CPU,65.0,35.0,77.0,105.0,2200,Intel
1768,1768,CPU,130.0,68.0,101.0,63.0,2167,AMD
1771,1771,CPU,32.0,25.0,315.0,1200.0,1900,AMD
1773,1773,CPU,7.0,35.0,156.0,9800.0,2900,AMD
1774,1774,CPU,90.0,35.0,125.0,114.0,2400,AMD
1775,1775,CPU,32.0,35.0,131.0,504.0,1600,Intel
1778,1778,CPU,22.0,47.0,264.0,1400.0,2400,Intel
1780,1780,CPU,45.0,10.0,107.0,410.0,1300,Intel
1781,1781,CPU,90.0,130.0,206.0,169.0,2800,Intel
1782,1782,CPU,45.0,3.0,26.0,47.0,1000,Intel
1785,1785,CPU,32.0,35.0,149.0,624.0,2100,Intel
1787,1787,CPU,130.0,60.0,80.0,37.0,1667,AMD
1790,1790,CPU,45.0,80.0,258.0,758.0,3300,AMD
1791,1791,CPU,32.0,35.0,81.0,384.0,1877,Intel
1792,1792,CPU,45.0,8.0,96.0,47.0,1600,Intel
1793,1793,CPU,90.0,84.0,109.0,125.0,2660,Intel
1795,1795,CPU,22.0,35.0,118.0,1400.0,2400,Intel
1796,1796,CPU,32.0,95.0,315.0,1200.0,3500,AMD
1797,1797,CPU,45.0,65.0,117.0,410.0,3600,AMD
1798,1798,CPU,32.0,85.0,315.0,2400.0,1800,AMD
1799,1799,CPU,130.0,29.0,80.0,44.0,1133,Intel
1800,1800,CPU,65.0,130.0,140.0,376.0,2800,Intel
1801,1801,CPU,90.0,115.0,109.0,169.0,3733,Intel
1802,1802,CPU,45.0,2.0,65.0,140.0,1600,Intel
1804,1804,CPU,65.0,45.0,77.0,122.0,2000,AMD
1808,1808,CPU,45.0,80.0,263.0,731.0,2400,Intel
1809,1809,CPU,45.0,136.0,107.0,820.0,3200,Intel
1810,1810,CPU,130.0,30.0,193.0,106.0,1400,AMD
1811,1811,CPU,45.0,3.0,26.0,47.0,1300,Intel
1812,1812,CPU,32.0,35.0,228.0,1178.0,1600,AMD
1815,1815,CPU,32.0,35.0,81.0,384.0,2677,Intel
1816,1816,CPU,65.0,65.0,126.0,154.0,2900,AMD
1818,1818,CPU,130.0,62.0,101.0,63.0,2000,AMD
1820,1820,CPU,45.0,95.0,258.0,758.0,2800,AMD
1821,1821,CPU,7.0,120.0,74.0,3800.0,2800,AMD
1822,1822,CPU,65.0,45.0,126.0,154.0,1900,AMD
1823,1823,CPU,22.0,84.0,177.0,1400.0,3500,Intel
1824,1824,CPU,65.0,130.0,140.0,376.0,3460,Intel
1825,1825,CPU,22.0,37.0,264.0,1400.0,2300,Intel
1826,1826,CPU,130.0,62.0,144.0,69.0,1800,AMD
1827,1827,CPU,90.0,135.0,169.0,178.0,3000,Intel
1828,1828,CPU,32.0,35.0,149.0,624.0,2400,Intel
1830,1830,CPU,65.0,65.0,126.0,154.0,2800,AMD
1831,1831,CPU,32.0,35.0,246.0,1178.0,2700,AMD
1836,1836,CPU,65.0,65.0,126.0,154.0,2600,AMD
1837,1837,CPU,32.0,15.0,246.0,1178.0,1400,AMD
1839,1839,CPU,32.0,35.0,149.0,624.0,2200,Intel
1840,1840,CPU,65.0,75.0,143.0,291.0,3000,Intel
1841,1841,CPU,32.0,100.0,228.0,1178.0,3000,AMD
1842,1842,CPU,130.0,62.0,80.0,37.0,1992,AMD
1844,1844,CPU,14.0,95.0,192.0,4800.0,3600,AMD
1845,1845,CPU,90.0,84.0,109.0,125.0,2933,Intel
1847,1847,CPU,45.0,300.0,684.0,2300.0,1200,Intel
1848,1848,CPU,65.0,8.0,77.0,122.0,1000,AMD
1849,1849,CPU,32.0,35.0,81.0,382.0,2667,Intel
1850,1850,CPU,130.0,89.0,144.0,69.0,2200,AMD
1851,1851,CPU,14.0,51.0,150.0,1400.0,3900,Intel
1852,1852,CPU,65.0,35.0,143.0,293.0,2400,Intel
1853,1853,CPU,32.0,65.0,228.0,1178.0,2500,AMD
1854,1854,CPU,65.0,35.0,143.0,293.0,2000,Intel
1856,1856,CPU,130.0,70.0,131.0,55.0,3067,Intel
1857,1857,CPU,7.0,54.0,156.0,9800.0,2900,AMD
1858,1858,CPU,12.0,65.0,192.0,4800.0,3600,AMD
1859,1859,CPU,130.0,92.0,146.0,55.0,2200,Intel
1860,1860,CPU,65.0,65.0,77.0,105.0,2200,Intel
1861,1861,CPU,32.0,65.0,131.0,504.0,2600,Intel
1862,1862,CPU,65.0,95.0,285.0,450.0,2500,AMD
1863,1863,CPU,180.0,72.0,217.0,42.0,2000,Intel
1865,1865,CPU,65.0,65.0,126.0,154.0,2300,AMD
1866,1866,CPU,65.0,65.0,77.0,105.0,2400,Intel
1867,1867,CPU,65.0,95.0,285.0,450.0,2300,AMD
1868,1868,CPU,130.0,89.0,193.0,106.0,2000,AMD
1872,1872,CPU,45.0,95.0,169.0,300.0,3100,AMD
1874,1874,CPU,32.0,35.0,246.0,1178.0,2500,AMD
1876,1876,CPU,32.0,95.0,239.0,1170.0,3200,Intel
1877,1877,CPU,45.0,2.0,26.0,47.0,1100,Intel
1879,1879,CPU,14.0,170.0,213.0,4800.0,2400,AMD
1880,1880,CPU,22.0,45.0,160.0,1400.0,2700,Intel
1881,1881,CPU,130.0,62.0,101.0,63.0,2200,AMD
1882,1882,CPU,180.0,60.0,150.0,63.0,1333,AMD
1884,1884,CPU,22.0,54.0,177.0,1400.0,2400,Intel
1885,1885,CPU,22.0,300.0,350.0,5000.0,1100,Intel
1886,1886,CPU,65.0,65.0,118.0,221.0,2200,AMD
1888,1888,CPU,32.0,80.0,216.0,1160.0,3100,Intel
1889,1889,CPU,32.0,65.0,246.0,1178.0,3200,AMD
1890,1890,CPU,45.0,95.0,258.0,758.0,2800,AMD
1891,1891,CPU,45.0,130.0,263.0,731.0,2666,Intel
1892,1892,CPU,22.0,130.0,257.0,1860.0,3700,Intel
1894,1894,CPU,45.0,80.0,263.0,731.0,2000,Intel
1896,1896,CPU,7.0,280.0,74.0,3800.0,3500,AMD
1897,1897,CPU,7.0,280.0,74.0,3800.0,4000,AMD
1903,1903,CPU,90.0,125.0,230.0,227.0,3200,AMD
1905,1905,CPU,65.0,130.0,143.0,582.0,3000,Intel
1906,1906,CPU,45.0,65.0,107.0,410.0,2667,Intel
1908,1908,CPU,130.0,82.0,193.0,106.0,1800,AMD
1909,1909,CPU,90.0,45.0,230.0,227.0,2200,AMD
1910,1910,CPU,130.0,89.0,144.0,69.0,2200,AMD
1911,1911,CPU,45.0,95.0,296.0,774.0,2800,Intel
1912,1912,CPU,12.0,95.0,192.0,4800.0,3600,AMD
1913,1913,CPU,32.0,17.0,246.0,1178.0,2100,AMD
1914,1914,CPU,180.0,52.0,217.0,42.0,1300,Intel
1918,1918,CPU,65.0,140.0,285.0,450.0,2600,AMD
1919,1919,CPU,90.0,89.0,220.0,154.0,2000,AMD
1920,1920,CPU,14.0,45.0,210.0,4950.0,3250,AMD
1921,1921,CPU,90.0,35.0,125.0,114.0,1800,AMD
1922,1922,CPU,32.0,80.0,239.0,1170.0,2266,Intel
1926,1926,CPU,45.0,45.0,117.0,234.0,2400,AMD
1928,1928,CPU,130.0,85.0,193.0,106.0,1400,AMD
1929,1929,CPU,45.0,65.0,117.0,410.0,2700,AMD
1930,1930,CPU,65.0,65.0,111.0,167.0,2200,Intel
1931,1931,CPU,14.0,170.0,213.0,4800.0,2000,AMD
1932,1932,CPU,90.0,59.0,84.0,69.0,2200,AMD
1933,1933,CPU,180.0,58.0,217.0,42.0,1500,Intel
1934,1934,CPU,45.0,60.0,263.0,731.0,2400,Intel
1936,1936,CPU,65.0,95.0,285.0,450.0,2400,AMD
1937,1937,CPU,22.0,37.0,118.0,1400.0,2300,Intel
1938,1938,CPU,32.0,15.0,246.0,1178.0,1500,AMD
1939,1939,CPU,90.0,65.0,220.0,154.0,2600,AMD
1940,1940,CPU,14.0,35.0,192.0,4800.0,3500,AMD
1941,1941,CPU,32.0,95.0,216.0,1160.0,3000,Intel
1942,1942,CPU,130.0,73.0,146.0,55.0,2200,Intel
1944,1944,CPU,130.0,89.0,193.0,106.0,2400,AMD
1945,1945,CPU,65.0,45.0,126.0,154.0,2100,AMD
1947,1947,CPU,45.0,45.0,169.0,300.0,2600,AMD
1948,1948,CPU,45.0,2.0,26.0,47.0,1600,Intel
1950,1950,CPU,14.0,51.0,150.0,1400.0,3600,Intel
1954,1954,CPU,65.0,15.0,77.0,122.0,1600,AMD
1955,1955,CPU,45.0,95.0,258.0,758.0,3200,AMD
1956,1956,CPU,32.0,35.0,149.0,624.0,2300,Intel
1958,1958,CPU,90.0,62.0,84.0,63.0,1800,AMD
1959,1959,CPU,32.0,65.0,246.0,1178.0,3600,AMD
1960,1960,CPU,130.0,76.0,131.0,55.0,3200,Intel
1961,1961,CPU,180.0,54.0,120.0,37.0,1000,AMD
1962,1962,CPU,22.0,54.0,177.0,1400.0,3800,Intel
1963,1963,CPU,90.0,62.0,84.0,63.0,2000,AMD
1964,1964,CPU,45.0,1.0,65.0,140.0,1200,Intel
1965,1965,CPU,65.0,65.0,126.0,154.0,2600,AMD
1966,1966,CPU,90.0,62.0,103.0,81.0,2000,AMD
1971,1971,CPU,90.0,62.0,230.0,227.0,2400,AMD
1973,1973,CPU,45.0,80.0,263.0,731.0,2533,Intel
1974,1974,CPU,90.0,135.0,169.0,178.0,3400,Intel
1976,1976,CPU,45.0,95.0,169.0,300.0,3400,AMD
1977,1977,CPU,45.0,2.0,26.0,47.0,1334,Intel
1979,1979,CPU,130.0,110.0,146.0,55.0,2261,Intel
1980,1980,CPU,32.0,35.0,131.0,504.0,2000,Intel
1983,1983,CPU,45.0,125.0,346.0,904.0,2900,AMD
1985,1985,CPU,22.0,45.0,160.0,1400.0,2800,Intel
1986,1986,CPU,45.0,80.0,258.0,758.0,3100,AMD
1987,1987,CPU,45.0,95.0,263.0,731.0,2666,Intel
1988,1988,CPU,45.0,130.0,263.0,731.0,2800,Intel
1989,1989,CPU,32.0,65.0,131.0,504.0,3100,Intel
1990,1990,CPU,22.0,65.0,177.0,1400.0,2800,Intel
1991,1991,CPU,45.0,38.0,263.0,731.0,2000,Intel
1992,1992,CPU,45.0,95.0,258.0,758.0,3200,AMD
1994,1994,CPU,32.0,35.0,228.0,1178.0,1500,AMD
1995,1995,CPU,90.0,115.0,109.0,125.0,3800,Intel
1996,1996,CPU,32.0,130.0,239.0,1170.0,3333,Intel
1998,1998,CPU,12.0,180.0,213.0,19200.0,3500,AMD
2000,2000,CPU,32.0,100.0,246.0,1178.0,3900,AMD
2001,2001,CPU,32.0,65.0,228.0,1178.0,2400,AMD
2002,2002,CPU,130.0,77.0,101.0,63.0,2200,AMD
2004,2004,CPU,65.0,15.0,77.0,122.0,1600,AMD
2005,2005,CPU,22.0,35.0,177.0,1400.0,3200,Intel
2006,2006,CPU,32.0,130.0,239.0,1170.0,3466,Intel
2008,2008,CPU,180.0,38.0,120.0,37.0,650,AMD
2009,2009,CPU,130.0,62.0,144.0,63.0,1800,AMD
2010,2010,CPU,32.0,125.0,315.0,1200.0,3600,AMD
2011,2011,CPU,130.0,89.0,193.0,105.0,2400,AMD
2015,2015,CPU,45.0,4.0,26.0,47.0,1000,Intel
2016,2016,CPU,45.0,65.0,82.0,456.0,2666,Intel
2017,2017,CPU,22.0,47.0,177.0,1400.0,2900,Intel
2018,2018,CPU,45.0,6.0,66.0,123.0,1667,Intel
2019,2019,CPU,32.0,35.0,131.0,504.0,2200,Intel
2020,2020,CPU,28.0,65.0,246.0,1178.0,3200,AMD
2021,2021,CPU,180.0,64.0,150.0,37.0,1467,AMD
2025,2025,CPU,32.0,95.0,216.0,1160.0,3300,Intel
2028,2028,CPU,45.0,5.0,107.0,410.0,1200,Intel
2031,2031,CPU,180.0,64.0,217.0,42.0,1700,Intel
2032,2032,CPU,32.0,125.0,315.0,1200.0,3100,AMD
2033,2033,CPU,7.0,25.0,156.0,9800.0,2300,AMD
2034,2034,CPU,32.0,73.0,81.0,382.0,3200,Intel
2035,2035,CPU,130.0,30.0,131.0,55.0,1800,Intel
2036,2036,CPU,32.0,35.0,131.0,504.0,1600,Intel
2037,2037,CPU,65.0,31.0,90.0,151.0,1660,Intel
2038,2038,CPU,45.0,130.0,263.0,731.0,2533,Intel
2039,2039,CPU,32.0,65.0,246.0,1178.0,3900,AMD
2040,2040,CPU,32.0,80.0,216.0,1160.0,3400,Intel
2041,2041,CPU,130.0,104.0,193.0,105.0,2600,AMD
2042,2042,CPU,32.0,45.0,228.0,1178.0,2200,AMD
2044,2044,CPU,45.0,125.0,258.0,758.0,3200,AMD
2045,2045,CPU,130.0,85.0,193.0,106.0,1600,AMD
2046,2046,CPU,130.0,85.0,193.0,106.0,1400,AMD
2047,2047,CPU,130.0,62.0,80.0,37.0,1500,AMD
2049,2049,CPU,32.0,35.0,131.0,504.0,2000,Intel
2051,2051,CPU,7.0,120.0,74.0,3800.0,2800,AMD
2053,2053,CPU,65.0,65.0,126.0,154.0,2700,AMD
2055,2055,CPU,130.0,110.0,237.0,178.0,3400,Intel
2056,2056,CPU,32.0,18.0,81.0,384.0,1200,Intel
2057,2057,CPU,130.0,110.0,146.0,55.0,2660,Intel
2058,2058,CPU,7.0,105.0,74.0,3800.0,3900,AMD
2060,2060,CPU,180.0,54.0,120.0,37.0,1000,AMD
2062,2062,CPU,45.0,65.0,82.0,228.0,2800,Intel
2064,2064,CPU,90.0,135.0,169.0,178.0,3200,Intel
2065,2065,CPU,22.0,77.0,160.0,1400.0,3500,Intel
2066,2066,CPU,130.0,74.0,80.0,37.0,2250,AMD
2067,2067,CPU,14.0,95.0,192.0,4800.0,3400,AMD
2068,2068,CPU,22.0,69.0,160.0,1400.0,3400,Intel
2069,2069,CPU,45.0,65.0,82.0,228.0,2800,Intel
2071,2071,CPU,90.0,89.0,115.0,105.0,2200,AMD
2072,2072,CPU,12.0,35.0,210.0,4940.0,2100,AMD
2075,2075,CPU,12.0,65.0,192.0,4800.0,2800,AMD
2076,2076,CPU,32.0,73.0,81.0,382.0,3200,Intel
2077,2077,CPU,45.0,80.0,263.0,731.0,2000,Intel
2079,2079,CPU,7.0,155.0,74.0,3800.0,3000,AMD
2081,2081,CPU,32.0,100.0,228.0,1178.0,3000,AMD
2083,2083,CPU,32.0,19.0,246.0,1178.0,1600,AMD
2084,2084,CPU,130.0,68.0,80.0,37.0,2167,AMD
2085,2085,CPU,130.0,35.0,131.0,55.0,2400,Intel
2086,2086,CPU,130.0,62.0,80.0,37.0,1733,AMD
2087,2087,CPU,32.0,35.0,315.0,1200.0,2200,AMD
2088,2088,CPU,45.0,125.0,258.0,758.0,3200,AMD
2089,2089,CPU,32.0,73.0,81.0,382.0,3066,Intel
2090,2090,CPU,65.0,125.0,285.0,450.0,2500,AMD
2091,2091,CPU,65.0,35.0,77.0,105.0,1600,Intel
2092,2092,CPU,90.0,104.0,115.0,114.0,2600,AMD
2095,2095,CPU,32.0,35.0,228.0,1178.0,1500,AMD
2097,2097,CPU,22.0,54.0,177.0,1400.0,3300,Intel
2098,2098,CPU,32.0,17.0,149.0,624.0,1400,Intel
2102,2102,CPU,130.0,89.0,193.0,106.0,2000,AMD
2103,2103,CPU,90.0,73.0,109.0,125.0,2533,Intel
2104,2104,CPU,65.0,19.0,77.0,105.0,1200,Intel
2105,2105,CPU,45.0,95.0,107.0,820.0,2833,Intel
2106,2106,CPU,22.0,15.0,118.0,1300.0,2100,Intel
2107,2107,CPU,7.0,280.0,74.0,3800.0,3800,AMD
2109,2109,CPU,90.0,89.0,220.0,154.0,2600,AMD
2110,2110,CPU,32.0,95.0,315.0,1200.0,3300,AMD
2112,2112,CPU,65.0,65.0,285.0,450.0,1900,AMD
2113,2113,CPU,32.0,60.0,239.0,1170.0,2000,Intel
2115,2115,CPU,45.0,65.0,82.0,456.0,2333,Intel
2116,2116,CPU,7.0,155.0,74.0,3800.0,2400,AMD
2117,2117,CPU,32.0,7.0,66.0,176.0,1867,Intel
2118,2118,CPU,180.0,64.0,217.0,42.0,1700,Intel
2119,2119,CPU,130.0,89.0,144.0,69.0,2000,AMD
2120,2120,CPU,45.0,95.0,296.0,774.0,2800,Intel
2122,2122,CPU,45.0,95.0,296.0,774.0,2933,Intel
2123,2123,CPU,12.0,15.0,210.0,4940.0,2100,AMD
2124,2124,CPU,32.0,10.0,66.0,176.0,1867,Intel
2125,2125,CPU,90.0,89.0,156.0,154.0,2000,AMD
2126,2126,CPU,32.0,35.0,149.0,624.0,2200,Intel
2127,2127,CPU,7.0,54.0,156.0,9800.0,3000,AMD
2130,2130,CPU,32.0,35.0,81.0,382.0,2533,Intel
2131,2131,CPU,130.0,82.0,193.0,106.0,1600,AMD
2133,2133,CPU,32.0,80.0,239.0,1170.0,2133,Intel
2136,2136,CPU,90.0,67.0,83.0,69.0,1800,AMD
2139,2139,CPU,65.0,5.0,90.0,151.0,1066,Intel
2140,2140,CPU,90.0,62.0,103.0,81.0,2000,AMD
2141,2141,CPU,130.0,82.0,193.0,106.0,1800,AMD
2142,2142,CPU,22.0,12.0,118.0,1400.0,1100,Intel
2143,2143,CPU,45.0,130.0,263.0,731.0,3333,Intel
2144,2144,CPU,90.0,62.0,84.0,63.0,1800,AMD
2146,2146,CPU,7.0,35.0,156.0,9800.0,3000,AMD
2147,2147,CPU,130.0,85.0,193.0,106.0,1400,AMD
2148,2148,CPU,22.0,17.0,118.0,1400.0,1800,Intel
2149,2149,CPU,32.0,95.0,315.0,1200.0,3800,AMD
2151,2151,CPU,14.0,170.0,213.0,4800.0,2400,AMD
2154,2154,CPU,12.0,105.0,192.0,4800.0,3700,AMD
2156,2156,CPU,90.0,27.0,84.0,140.0,1860,Intel
2157,2157,CPU,45.0,45.0,117.0,410.0,2600,AMD
2158,2158,CPU,32.0,35.0,81.0,384.0,2133,Intel
2159,2159,CPU,22.0,69.0,160.0,1400.0,3300,Intel
2160,2160,CPU,22.0,37.0,118.0,1300.0,2900,Intel
2164,2164,CPU,65.0,35.0,143.0,293.0,2166,Intel
2167,2167,CPU,45.0,125.0,258.0,758.0,3000,AMD
2169,2169,CPU,90.0,35.0,125.0,114.0,1600,AMD
2171,2171,CPU,22.0,47.0,264.0,1400.0,1800,Intel
2175,2175,CPU,45.0,1.0,65.0,140.0,900,Intel
2176,2176,CPU,32.0,65.0,315.0,1200.0,3000,AMD
2178,2178,CPU,90.0,130.0,206.0,169.0,2800,Intel
2179,2179,CPU,90.0,135.0,135.0,155.0,2800,Intel
2180,2180,CPU,7.0,155.0,74.0,3800.0,3100,AMD
2182,2182,CPU,130.0,68.0,101.0,63.0,1917,AMD
2188,2188,CPU,7.0,54.0,156.0,9800.0,3300,AMD
2189,2189,CPU,65.0,65.0,143.0,291.0,2333,Intel
2191,2191,CPU,90.0,65.0,220.0,154.0,2600,AMD
