,Type,Process_Size,TDP,Die_Size,Transistors,Freq,Vendor,FP16_GFLOPS,FP32_GFLOPS,FP64_GFLOPS
0,GPU,14.0,25.0,132.0,3300.0,1469,NVIDIA,18.38,1177.0,36.77
3,GPU,28.0,15.0,125.0,1200.0,200,AMD,737.3,737.3,368.6
4,GPU,20.0,10.0,118.0,2000.0,640,NVIDIA,471.6,235.8,7.368
5,GPU,14.0,150.0,232.0,5700.0,1074,AMD,4394.0,4394.0,274.6
6,GPU,16.0,250.0,471.0,11800.0,1557,NVIDIA,167.0,10690.0,334.0
8,GPU,12.0,25.0,200.0,4700.0,720,NVIDIA,3333.0,1667.0,52.08
10,GPU,16.0,250.0,471.0,11800.0,1303,NVIDIA,183.7,11760.0,367.4
11,GPU,14.0,25.0,74.0,1800.0,1469,NVIDIA,18.38,1177.0,36.77
12,GPU,7.0,85.0,158.0,6400.0,1000,AMD,8448.0,4224.0,264.0
14,GPU,16.0,75.0,314.0,7200.0,1328,NVIDIA,86.41,5530.0,172.8
15,GPU,14.0,150.0,232.0,5700.0,1120,AMD,5834.0,5834.0,364.6
16,GPU,14.0,50.0,103.0,2200.0,1100,AMD,1647.0,1647.0,103.0
17,GPU,12.0,50.0,200.0,4700.0,1395,NVIDIA,5215.0,2607.0,81.48
18,GPU,14.0,150.0,232.0,5700.0,1168,AMD,5095.0,5095.0,318.5
19,GPU,16.0,75.0,200.0,4400.0,1493,NVIDIA,38.88,2488.0,77.76
20,GPU,12.0,80.0,545.0,13600.0,780,NVIDIA,14130.0,7066.0,220.8
21,GPU,28.0,15.0,125.0,1200.0,200,AMD,553.0,553.0,276.5
22,GPU,12.0,60.0,445.0,10800.0,600,NVIDIA,9331.0,4666.0,145.8
23,GPU,16.0,120.0,314.0,7200.0,1506,NVIDIA,68.36,4375.0,136.7
24,GPU,12.0,250.0,545.0,13600.0,1650,NVIDIA,22300.0,11150.0,348.5
25,GPU,14.0,10.0,210.0,4940.0,300,AMD,3331.0,1665.0,104.1
26,GPU,12.0,65.0,445.0,10800.0,975,NVIDIA,9101.0,4550.0,142.2
27,GPU,28.0,15.0,125.0,1200.0,200,AMD,251.5,251.5,15.72
28,GPU,14.0,75.0,132.0,3300.0,1291,NVIDIA,33.41,2138.0,66.82
29,GPU,14.0,20.0,132.0,3300.0,747,NVIDIA,18.74,1199.0,37.48
31,GPU,12.0,75.0,200.0,4700.0,1410,NVIDIA,5699.0,2849.0,89.04
33,GPU,7.0,85.0,158.0,6400.0,1000,AMD,8909.0,4454.0,278.4
34,GPU,7.0,85.0,158.0,6400.0,1000,AMD,8138.0,4069.0,254.3
35,GPU,12.0,50.0,284.0,6600.0,1350,NVIDIA,6083.0,3041.0,95.04
36,GPU,14.0,20.0,132.0,3300.0,1354,NVIDIA,29.36,1879.0,58.72
37,GPU,14.0,35.0,210.0,4940.0,300,AMD,2255.0,1127.0,70.46
38,GPU,14.0,10.0,74.0,1800.0,1531,NVIDIA,19.13,1224.0,38.26
39,GPU,28.0,15.0,125.0,1200.0,200,AMD,167.7,167.7,10.48
40,GPU,14.0,15.0,210.0,4940.0,300,AMD,2253.0,1126.0,70.4
42,GPU,16.0,120.0,200.0,4400.0,1506,NVIDIA,68.36,4375.0,136.7
43,GPU,16.0,120.0,314.0,7200.0,1506,NVIDIA,68.32,4372.0,136.6
44,GPU,14.0,20.0,74.0,1800.0,1152,NVIDIA,16.55,1059.0,33.1
46,GPU,12.0,18.0,200.0,4700.0,735,NVIDIA,4785.0,2392.0,74.76
48,GPU,14.0,40.0,103.0,2200.0,1124,AMD,1248.0,1248.0,78.02
49,GPU,28.0,250.0,366.0,5000.0,723,AMD,2961.0,2961.0,185.1
50,GPU,14.0,15.0,210.0,4940.0,300,AMD,3942.0,1971.0,123.2
51,GPU,14.0,250.0,232.0,5700.0,1243,AMD,5728.0,5728.0,358.0
52,GPU,14.0,50.0,103.0,2200.0,1100,AMD,1211.0,1211.0,75.71
53,GPU,16.0,150.0,314.0,7200.0,1290,NVIDIA,117.4,7516.0,234.9
54,GPU,14.0,55.0,123.0,3000.0,1000,AMD,1887.0,1887.0,117.9
55,GPU,12.0,115.0,445.0,10800.0,960,NVIDIA,9216.0,4608.0,144.0
56,GPU,14.0,95.0,232.0,5700.0,1120,AMD,5834.0,5834.0,364.6
57,GPU,16.0,180.0,314.0,7200.0,1607,NVIDIA,138.6,8873.0,277.3
58,GPU,16.0,75.0,314.0,7200.0,1088,NVIDIA,48.6,3110.0,97.2
59,GPU,8.0,115.0,392.0,17400.0,1110,NVIDIA,15970.0,15970.0,249.6
60,GPU,16.0,250.0,471.0,11800.0,1417,NVIDIA,171.5,10970.0,342.9
61,GPU,16.0,75.0,200.0,4400.0,1354,NVIDIA,36.74,2352.0,73.49
63,GPU,28.0,100.0,366.0,5000.0,725,AMD,2970.0,2970.0,185.6
64,GPU,12.0,150.0,545.0,13600.0,1365,NVIDIA,19170.0,9585.0,299.5
65,GPU,20.0,15.0,118.0,2000.0,1000,NVIDIA,1024.0,512.0,16.0
66,GPU,14.0,30.0,74.0,1800.0,1228,NVIDIA,17.62,1127.0,35.23
67,GPU,14.0,55.0,123.0,3000.0,1000,AMD,2115.0,2115.0,132.2
68,GPU,7.0,45.0,156.0,9800.0,300,AMD,4096.0,2048.0,128.0
69,GPU,12.0,160.0,445.0,10800.0,1365,NVIDIA,12900.0,6451.0,201.6
70,GPU,14.0,35.0,123.0,3000.0,800,AMD,1024.0,1024.0,64.0
71,GPU,7.0,15.0,156.0,9800.0,400,AMD,2304.0,1152.0,72.0
72,GPU,14.0,30.0,132.0,3300.0,1228,NVIDIA,10.02,641.0,20.03
73,GPU,14.0,35.0,103.0,2200.0,1124,AMD,1248.0,1248.0,78.02
74,GPU,12.0,70.0,545.0,13600.0,585,NVIDIA,65130.0,8141.0,254.4
76,GPU,28.0,15.0,125.0,1200.0,200,AMD,153.6,153.6,9.6
77,GPU,14.0,50.0,103.0,2200.0,980,AMD,1071.0,1071.0,66.94
78,GPU,28.0,190.0,366.0,5000.0,918,AMD,3290.0,3290.0,205.6
80,GPU,14.0,50.0,103.0,2200.0,1082,AMD,1559.0,1559.0,97.44
81,GPU,28.0,250.0,366.0,5000.0,723,AMD,2961.0,2961.0,185.1
82,GPU,12.0,80.0,445.0,10800.0,945,NVIDIA,10600.0,5299.0,165.6
83,GPU,12.0,260.0,754.0,18600.0,1305,NVIDIA,28750.0,14380.0,449.3
84,GPU,14.0,55.0,123.0,3000.0,784,AMD,1849.0,1849.0,115.6
86,GPU,12.0,230.0,545.0,13600.0,1620,NVIDIA,22300.0,11150.0,348.5
87,GPU,16.0,120.0,200.0,4400.0,1506,NVIDIA,61.49,3935.0,123.0
88,GPU,16.0,120.0,200.0,4400.0,1506,NVIDIA,68.36,4375.0,136.7
89,GPU,28.0,250.0,366.0,5000.0,909,AMD,3723.0,3723.0,232.7
91,GPU,16.0,75.0,200.0,4400.0,1291,NVIDIA,46.48,2974.0,92.95
92,GPU,12.0,260.0,754.0,18600.0,1065,NVIDIA,25710.0,12860.0,401.8
93,GPU,28.0,150.0,366.0,5000.0,920,AMD,3297.0,3297.0,206.1
94,GPU,28.0,95.0,366.0,5000.0,735,AMD,4096.0,4096.0,256.0
95,GPU,16.0,180.0,314.0,7200.0,1607,NVIDIA,127.9,8186.0,255.8
96,GPU,14.0,75.0,123.0,3000.0,907,AMD,1393.0,1393.0,87.07
97,GPU,16.0,100.0,314.0,7200.0,1316,NVIDIA,125.5,8033.0,251.0
98,GPU,14.0,15.0,210.0,4940.0,300,AMD,768.8,384.4,24.02
99,GPU,14.0,65.0,210.0,4940.0,300,AMD,2253.0,1126.0,70.4
100,GPU,14.0,25.0,74.0,1800.0,1519,NVIDIA,18.98,1215.0,37.97
102,GPU,14.0,35.0,210.0,4940.0,300,AMD,3664.0,1832.0,114.5
103,GPU,8.0,200.0,392.0,17400.0,1575,NVIDIA,21750.0,21750.0,339.8
104,GPU,12.0,90.0,545.0,13600.0,735,NVIDIA,12890.0,6447.0,201.5
105,GPU,7.0,130.0,251.0,10300.0,1243,AMD,15350.0,7675.0,479.7
106,GPU,12.0,160.0,545.0,13600.0,1005,NVIDIA,14240.0,7119.0,222.5
107,GPU,16.0,15.0,100.0,2000.0,384,NVIDIA,786.4,393.2,12.29
108,GPU,14.0,45.0,123.0,3000.0,1090,AMD,2106.0,2106.0,131.6
109,GPU,7.0,130.0,251.0,10300.0,1243,AMD,12440.0,6221.0,388.8
110,GPU,14.0,65.0,210.0,4940.0,300,AMD,3492.0,1746.0,109.1
111,GPU,14.0,50.0,123.0,3000.0,1019,AMD,1097.0,1097.0,68.54
112,GPU,16.0,180.0,314.0,7200.0,1607,NVIDIA,138.6,8873.0,277.3
113,GPU,14.0,130.0,232.0,5700.0,1188,AMD,5728.0,5728.0,358.0
114,GPU,16.0,180.0,314.0,7200.0,1607,NVIDIA,138.6,8873.0,277.3
115,GPU,7.0,85.0,158.0,6400.0,1000,AMD,6400.0,3200.0,200.0
116,GPU,14.0,50.0,123.0,3000.0,1002,AMD,1887.0,1887.0,117.9
118,GPU,14.0,10.0,74.0,1800.0,937,NVIDIA,12.46,797.2,24.91
119,GPU,7.0,15.0,156.0,9800.0,400,AMD,3584.0,1792.0,112.0
120,GPU,14.0,185.0,232.0,5700.0,1100,AMD,5530.0,5530.0,345.6
122,GPU,14.0,85.0,232.0,5700.0,926,AMD,4399.0,4399.0,274.9
123,GPU,14.0,40.0,132.0,3300.0,1177,NVIDIA,23.09,1478.0,46.18
124,GPU,14.0,80.0,123.0,3000.0,1090,AMD,2150.0,2150.0,134.4
125,GPU,12.0,260.0,754.0,18600.0,1065,NVIDIA,25710.0,12860.0,401.8
126,GPU,14.0,75.0,132.0,3300.0,1354,NVIDIA,29.86,1911.0,59.72
127,GPU,8.0,80.0,392.0,17400.0,780,NVIDIA,15300.0,15300.0,239.0
128,GPU,12.0,50.0,200.0,4700.0,930,NVIDIA,4608.0,2304.0,72.0
130,GPU,12.0,90.0,445.0,10800.0,885,NVIDIA,10920.0,5460.0,170.6
131,GPU,14.0,50.0,103.0,2200.0,1019,AMD,1371.0,1371.0,85.68
132,GPU,14.0,50.0,103.0,2200.0,1124,AMD,1248.0,1248.0,78.02
133,GPU,7.0,125.0,158.0,6400.0,1187,AMD,10800.0,5398.0,337.3
134,GPU,14.0,100.0,232.0,5700.0,1000,AMD,4963.0,4963.0,310.2
136,GPU,12.0,175.0,445.0,10800.0,1410,NVIDIA,14930.0,7465.0,233.3
137,GPU,14.0,50.0,103.0,2200.0,1100,AMD,1211.0,1211.0,75.71
139,GPU,14.0,75.0,123.0,3000.0,1090,AMD,2458.0,2458.0,153.6
142,GPU,16.0,100.0,314.0,7200.0,1227,NVIDIA,118.6,7589.0,237.2
143,GPU,8.0,115.0,392.0,17400.0,1110,NVIDIA,18980.0,18980.0,296.6
146,GPU,16.0,250.0,471.0,11800.0,1582,NVIDIA,168.3,10770.0,336.6
147,GPU,14.0,65.0,208.0,5000.0,931,AMD,2588.0,2588.0,161.8
148,GPU,14.0,185.0,232.0,5700.0,1100,AMD,5530.0,5530.0,345.6
149,GPU,7.0,100.0,158.0,6400.0,1327,AMD,9265.0,4632.0,289.5
150,GPU,16.0,100.0,314.0,7200.0,1278,NVIDIA,101.2,6480.0,202.5
151,GPU,14.0,40.0,132.0,3300.0,1303,NVIDIA,24.3,1555.0,48.61
152,GPU,12.0,115.0,445.0,10800.0,1215,NVIDIA,13270.0,6636.0,207.4
153,GPU,12.0,31.0,200.0,4700.0,1395,NVIDIA,5645.0,2822.0,88.2
155,GPU,14.0,15.0,210.0,4940.0,300,AMD,844.8,422.4,26.4
156,GPU,12.0,80.0,545.0,13600.0,735,NVIDIA,11980.0,5990.0,187.2
157,GPU,14.0,185.0,232.0,5700.0,1257,AMD,6129.0,6129.0,383.0
161,GPU,12.0,60.0,200.0,4700.0,1575,NVIDIA,7311.0,3656.0,114.2
162,GPU,14.0,150.0,232.0,5700.0,1168,AMD,5095.0,5095.0,318.5
163,GPU,14.0,150.0,232.0,5700.0,1120,AMD,5682.0,5682.0,355.1
165,GPU,14.0,40.0,132.0,3300.0,1329,NVIDIA,18.68,1196.0,37.37
167,GPU,12.0,250.0,754.0,18600.0,1350,NVIDIA,26900.0,13450.0,420.2
168,GPU,16.0,75.0,200.0,4400.0,1000,NVIDIA,59.72,3822.0,119.4
169,GPU,7.0,150.0,251.0,10300.0,1130,AMD,14380.0,7188.0,449.3
171,GPU,12.0,50.0,200.0,4700.0,1395,NVIDIA,5914.0,2957.0,92.4
172,GPU,16.0,250.0,471.0,11800.0,1506,NVIDIA,197.4,12630.0,394.8
174,GPU,16.0,100.0,314.0,7200.0,1114,NVIDIA,68.77,4401.0,137.5
175,GPU,14.0,15.0,210.0,4940.0,300,AMD,921.6,460.8,28.8
176,GPU,7.0,130.0,158.0,6400.0,1607,AMD,10390.0,5196.0,324.7
177,GPU,14.0,35.0,103.0,2200.0,925,AMD,1248.0,1248.0,78.02
178,GPU,16.0,75.0,314.0,7200.0,886,NVIDIA,89.12,5704.0,178.2
180,GPU,28.0,50.0,125.0,1550.0,730,AMD,786.4,786.4,49.15
182,GPU,8.0,60.0,276.0,13250.0,817,NVIDIA,9846.0,9846.0,153.8
183,GPU,14.0,15.0,210.0,4940.0,300,AMD,768.0,384.0,24.0
185,GPU,14.0,15.0,210.0,4940.0,300,AMD,922.4,461.2,28.82
186,GPU,7.0,45.0,156.0,9800.0,300,AMD,3686.0,1843.0,115.2
187,GPU,12.0,31.0,200.0,4700.0,1035,NVIDIA,4570.0,2285.0,71.4
188,GPU,7.0,100.0,158.0,6400.0,1670,AMD,10390.0,5196.0,324.7
189,GPU,16.0,100.0,314.0,7200.0,1227,NVIDIA,68.71,4398.0,137.4
191,GPU,16.0,120.0,314.0,7200.0,1506,NVIDIA,61.49,3935.0,123.0
192,GPU,28.0,190.0,366.0,5000.0,970,AMD,3476.0,3476.0,217.3
193,GPU,14.0,100.0,208.0,5000.0,1063,AMD,3656.0,3656.0,228.5
194,GPU,14.0,75.0,232.0,5700.0,713,AMD,3892.0,3892.0,243.3
195,GPU,16.0,80.0,200.0,4400.0,1404,NVIDIA,66.8,4275.0,133.6
198,GPU,16.0,120.0,200.0,4400.0,1506,NVIDIA,68.36,4375.0,136.7
200,GPU,7.0,15.0,156.0,9800.0,400,AMD,3686.0,1843.0,115.2
202,GPU,16.0,250.0,471.0,11800.0,1025,NVIDIA,179.2,11470.0,358.3
203,GPU,14.0,50.0,103.0,2200.0,980,AMD,1121.0,1121.0,70.08
204,GPU,28.0,15.0,125.0,1200.0,200,AMD,691.2,691.2,345.6
205,GPU,14.0,185.0,232.0,5700.0,1257,AMD,6175.0,6175.0,385.9
206,GPU,12.0,90.0,445.0,10800.0,1410,NVIDIA,5699.0,2849.0,89.04
209,GPU,28.0,50.0,125.0,1550.0,730,AMD,786.4,786.4,49.15
210,GPU,14.0,15.0,210.0,4940.0,300,AMD,1843.0,921.6,57.6
211,GPU,14.0,15.0,210.0,4940.0,300,AMD,1691.0,845.6,52.85
212,GPU,14.0,50.0,103.0,2200.0,1100,AMD,1151.0,1151.0,71.94
213,GPU,12.0,80.0,445.0,10800.0,945,NVIDIA,10600.0,5299.0,165.6
214,GPU,7.0,150.0,251.0,10300.0,1035,AMD,11660.0,5829.0,364.3
215,GPU,14.0,75.0,123.0,3000.0,1090,AMD,2150.0,2150.0,134.4
216,GPU,14.0,47.0,132.0,3300.0,1266,NVIDIA,29.6,1894.0,59.2
217,GPU,12.0,125.0,284.0,6600.0,1530,NVIDIA,10050.0,5027.0,157.1
218,GPU,16.0,120.0,200.0,4400.0,1506,NVIDIA,68.36,4375.0,136.7
219,GPU,7.0,85.0,158.0,6400.0,1000,AMD,9574.0,4787.0,299.2
220,GPU,12.0,160.0,545.0,13600.0,1365,NVIDIA,12900.0,6451.0,201.6
221,GPU,14.0,10.0,74.0,1800.0,937,NVIDIA,12.46,797.2,24.91
222,GPU,16.0,100.0,314.0,7200.0,1557,NVIDIA,139.8,8945.0,279.5
223,GPU,8.0,320.0,628.0,28300.0,1440,NVIDIA,29770.0,29770.0,465.1
224,GPU,12.0,115.0,545.0,13600.0,1140,NVIDIA,14130.0,7066.0,220.8
225,GPU,12.0,175.0,445.0,10800.0,1470,NVIDIA,14360.0,7181.0,224.4
226,GPU,12.0,150.0,545.0,13600.0,1380,NVIDIA,18720.0,9362.0,292.6
227,GPU,14.0,65.0,123.0,3000.0,1090,AMD,2106.0,2106.0,131.6
228,GPU,14.0,65.0,123.0,3000.0,1175,AMD,2462.0,2462.0,153.9
230,GPU,28.0,100.0,366.0,5000.0,723,AMD,2961.0,2961.0,185.1
231,GPU,28.0,190.0,366.0,5000.0,970,AMD,3973.0,3973.0,248.3
233,GPU,14.0,150.0,232.0,5700.0,1168,AMD,5259.0,5259.0,328.7
234,GPU,14.0,85.0,232.0,5700.0,926,AMD,4940.0,4940.0,308.7
235,GPU,28.0,250.0,366.0,5000.0,850,AMD,3482.0,3482.0,217.6
236,GPU,7.0,110.0,158.0,6400.0,1500,AMD,10390.0,5196.0,324.7
237,GPU,14.0,75.0,132.0,3300.0,1392,NVIDIA,36.43,2332.0,72.86
238,GPU,16.0,75.0,200.0,4400.0,1076,NVIDIA,47.36,3031.0,94.72
239,GPU,14.0,50.0,123.0,3000.0,1002,AMD,2460.0,2460.0,153.7
241,GPU,7.0,15.0,156.0,9800.0,400,AMD,2867.0,1434.0,89.6
242,GPU,12.0,80.0,545.0,13600.0,930,NVIDIA,11830.0,5914.0,184.8
244,GPU,16.0,75.0,200.0,4400.0,1291,NVIDIA,46.48,2974.0,92.95
245,GPU,14.0,15.0,210.0,4940.0,300,AMD,1691.0,845.6,52.85
247,GPU,14.0,75.0,123.0,3000.0,850,AMD,1306.0,1306.0,81.6
248,GPU,14.0,50.0,123.0,3000.0,1090,AMD,2150.0,2150.0,134.4
249,GPU,14.0,130.0,232.0,5700.0,1120,AMD,5700.0,5700.0,356.3
251,GPU,14.0,15.0,210.0,4940.0,300,AMD,3584.0,1792.0,112.0
252,GPU,14.0,100.0,232.0,5700.0,1000,AMD,4963.0,4963.0,310.2
253,GPU,14.0,18.0,74.0,1800.0,1303,NVIDIA,17.92,1147.0,35.83
256,GPU,28.0,75.0,366.0,5000.0,723,AMD,2961.0,2961.0,185.1
257,GPU,14.0,15.0,210.0,4940.0,300,AMD,768.8,384.4,24.02
258,GPU,14.0,175.0,232.0,5700.0,1257,AMD,6359.0,6359.0,397.4
259,GPU,14.0,10.0,210.0,4940.0,300,AMD,768.8,384.4,24.02
260,GPU,12.0,50.0,200.0,4700.0,1065,NVIDIA,5000.0,2500.0,78.12
262,GPU,14.0,18.0,74.0,1800.0,1455,NVIDIA,12.14,777.2,24.29
263,GPU,12.0,75.0,200.0,4700.0,1485,NVIDIA,5967.0,2984.0,93.24
265,GPU,12.0,185.0,445.0,10800.0,1470,NVIDIA,15210.0,7603.0,237.6
266,GPU,14.0,75.0,132.0,3300.0,1493,NVIDIA,38.88,2488.0,77.76
269,GPU,12.0,125.0,284.0,6600.0,1530,NVIDIA,10050.0,5027.0,157.1
271,GPU,14.0,75.0,132.0,3300.0,1354,NVIDIA,29.1,1862.0,58.2
272,GPU,28.0,75.0,366.0,5000.0,723,AMD,2961.0,2961.0,185.1
273,GPU,20.0,15.0,118.0,2000.0,384,NVIDIA,786.4,393.2,12.29
274,GPU,16.0,90.0,314.0,7200.0,1012,NVIDIA,96.38,6169.0,192.8
275,GPU,16.0,250.0,471.0,11800.0,1481,NVIDIA,177.2,11340.0,354.4
276,GPU,14.0,100.0,232.0,5700.0,1000,AMD,4963.0,4963.0,310.2
277,GPU,14.0,15.0,210.0,4940.0,300,AMD,1966.0,983.0,61.44
278,GPU,14.0,65.0,123.0,3000.0,1275,AMD,2611.0,2611.0,163.2
280,GPU,28.0,275.0,596.0,8900.0,1000,AMD,7168.0,7168.0,448.0
281,GPU,16.0,75.0,314.0,7200.0,1139,NVIDIA,78.62,5032.0,157.2
282,GPU,14.0,75.0,123.0,3000.0,1175,AMD,2611.0,2611.0,163.2
283,GPU,14.0,65.0,123.0,3000.0,1223,AMD,2192.0,2192.0,137.0
284,GPU,14.0,65.0,210.0,4940.0,300,AMD,2255.0,1127.0,70.46
285,GPU,12.0,115.0,445.0,10800.0,1260,NVIDIA,13410.0,6705.0,209.5
286,GPU,14.0,40.0,132.0,3300.0,1266,NVIDIA,21.66,1386.0,43.33
287,GPU,14.0,65.0,123.0,3000.0,1275,AMD,2611.0,2611.0,163.2
288,GPU,7.0,180.0,251.0,10300.0,1465,AMD,15900.0,7949.0,496.8
289,GPU,14.0,150.0,232.0,5700.0,1000,AMD,3960.0,3960.0,247.5
291,GPU,16.0,120.0,200.0,4400.0,1506,NVIDIA,68.36,4375.0,136.7
292,GPU,14.0,15.0,210.0,4940.0,300,AMD,3942.0,1971.0,123.2
294,GPU,14.0,65.0,208.0,5000.0,931,AMD,2588.0,2588.0,161.8
298,GPU,28.0,50.0,125.0,1550.0,730,AMD,786.4,786.4,49.15
299,GPU,14.0,65.0,123.0,3000.0,1090,AMD,2462.0,2462.0,153.9
300,GPU,14.0,50.0,103.0,2200.0,1082,AMD,1247.0,1247.0,77.95
301,GPU,16.0,250.0,471.0,11800.0,1557,NVIDIA,167.0,10690.0,334.0
302,GPU,8.0,170.0,276.0,13250.0,1320,NVIDIA,12740.0,12740.0,199.0
303,GPU,12.0,115.0,445.0,10800.0,960,NVIDIA,9216.0,4608.0,144.0
305,GPU,12.0,215.0,545.0,13600.0,1605,NVIDIA,18120.0,9062.0,283.2
306,GPU,14.0,60.0,123.0,3000.0,1019,AMD,1371.0,1371.0,85.68
307,GPU,14.0,150.0,232.0,5700.0,1120,AMD,5834.0,5834.0,364.6
308,GPU,7.0,25.0,156.0,9800.0,300,AMD,3226.0,1613.0,100.8
309,GPU,14.0,10.0,210.0,4940.0,300,AMD,922.4,461.2,28.82
310,GPU,12.0,50.0,200.0,4700.0,1350,NVIDIA,6083.0,3041.0,95.04
312,GPU,14.0,50.0,123.0,3000.0,1002,AMD,1348.0,1348.0,84.24
313,GPU,14.0,50.0,103.0,2200.0,1100,AMD,1647.0,1647.0,103.0
314,GPU,12.0,260.0,754.0,18600.0,1230,NVIDIA,29860.0,14930.0,466.6
315,GPU,14.0,15.0,210.0,4940.0,300,AMD,2560.0,1280.0,80.0
316,GPU,14.0,15.0,210.0,4940.0,300,AMD,922.4,461.2,28.82
317,GPU,12.0,215.0,545.0,13600.0,1515,NVIDIA,20140.0,10070.0,314.6
319,GPU,14.0,75.0,132.0,3300.0,1366,NVIDIA,34.61,2215.0,69.22
320,GPU,14.0,65.0,103.0,2200.0,1082,AMD,1385.0,1385.0,86.56
321,GPU,12.0,30.0,200.0,4700.0,1020,NVIDIA,5100.0,2550.0,79.68
322,GPU,16.0,150.0,314.0,7200.0,1506,NVIDIA,101.0,6463.0,202.0
323,GPU,14.0,15.0,210.0,4940.0,300,AMD,768.8,384.4,24.02
324,GPU,14.0,150.0,232.0,5700.0,1096,AMD,4489.0,4489.0,280.6
325,GPU,14.0,65.0,103.0,2200.0,1295,AMD,1658.0,1658.0,103.6
326,GPU,7.0,100.0,197.0,8000.0,1565,AMD,8013.0,4006.0,250.4
327,GPU,14.0,50.0,103.0,2200.0,1124,AMD,1248.0,1248.0,78.02
328,GPU,7.0,125.0,158.0,6400.0,1744,AMD,10450.0,5224.0,326.5
329,GPU,14.0,15.0,210.0,4940.0,300,AMD,2458.0,1229.0,76.8
330,GPU,16.0,115.0,314.0,7200.0,1215,NVIDIA,88.26,5648.0,176.5
331,GPU,12.0,40.0,200.0,4700.0,1200,NVIDIA,6636.0,3318.0,103.7
333,GPU,14.0,50.0,103.0,2200.0,1082,AMD,1240.0,1240.0,77.5
334,GPU,7.0,180.0,251.0,10300.0,1465,AMD,15850.0,7926.0,495.4
335,GPU,14.0,15.0,210.0,4940.0,300,AMD,2458.0,1229.0,76.8
337,GPU,8.0,80.0,276.0,13250.0,900,NVIDIA,10940.0,10940.0,171.0
338,GPU,28.0,15.0,125.0,1200.0,200,AMD,325.2,325.2,20.33
339,GPU,12.0,115.0,445.0,10800.0,900,NVIDIA,10370.0,5184.0,162.0
340,GPU,14.0,35.0,210.0,4940.0,300,AMD,2255.0,1127.0,70.46
341,GPU,12.0,18.0,200.0,4700.0,1365,NVIDIA,6075.0,3037.0,94.92
344,GPU,28.0,15.0,125.0,1200.0,200,AMD,553.0,553.0,276.5
345,GPU,14.0,50.0,103.0,2200.0,1124,AMD,1248.0,1248.0,78.02
346,GPU,14.0,50.0,123.0,3000.0,1125,AMD,2460.0,2460.0,153.7
347,GPU,14.0,10.0,74.0,1800.0,1519,NVIDIA,12.25,783.9,24.5
348,GPU,12.0,260.0,754.0,18600.0,1065,NVIDIA,25710.0,12860.0,401.8
349,GPU,12.0,80.0,284.0,6600.0,1410,NVIDIA,5699.0,2849.0,89.04
351,GPU,14.0,15.0,210.0,4940.0,300,AMD,768.8,384.4,24.02
352,GPU,12.0,110.0,545.0,13600.0,1035,NVIDIA,18980.0,9492.0,296.6
353,GPU,14.0,150.0,232.0,5700.0,1096,AMD,4489.0,4489.0,280.6
354,GPU,8.0,320.0,628.0,28300.0,1440,NVIDIA,29770.0,29770.0,465.1
356,GPU,12.0,120.0,284.0,6600.0,1530,NVIDIA,10050.0,5027.0,157.1
357,GPU,7.0,85.0,158.0,6400.0,1000,AMD,6400.0,3200.0,200.0
358,GPU,28.0,265.0,366.0,5000.0,1050,AMD,3763.0,3763.0,235.2
359,GPU,14.0,75.0,123.0,3000.0,1004,AMD,2056.0,2056.0,128.5
360,GPU,7.0,85.0,158.0,6400.0,1375,AMD,9265.0,4632.0,289.5
363,GPU,14.0,25.0,132.0,3300.0,1430,NVIDIA,18.68,1196.0,37.37
365,GPU,12.0,120.0,284.0,6600.0,1500,NVIDIA,10870.0,5437.0,169.9
366,GPU,12.0,80.0,545.0,13600.0,600,NVIDIA,16590.0,8294.0,259.2
367,GPU,14.0,15.0,210.0,4940.0,300,AMD,2995.0,1498.0,93.6
368,GPU,14.0,35.0,123.0,3000.0,855,AMD,1313.0,1313.0,82.08
369,GPU,14.0,75.0,232.0,5700.0,713,AMD,3903.0,3903.0,243.9
370,GPU,14.0,60.0,123.0,3000.0,1019,AMD,1371.0,1371.0,85.68
371,GPU,12.0,100.0,284.0,6600.0,1530,NVIDIA,8832.0,4416.0,138.0
372,GPU,28.0,50.0,125.0,1550.0,730,AMD,786.4,786.4,49.15
373,GPU,16.0,120.0,314.0,7200.0,1506,NVIDIA,68.36,4375.0,136.7
374,GPU,14.0,75.0,123.0,3000.0,907,AMD,1858.0,1858.0,116.1
375,GPU,12.0,50.0,200.0,4700.0,1380,NVIDIA,6205.0,3103.0,96.96
376,GPU,14.0,185.0,232.0,5700.0,1257,AMD,6175.0,6175.0,385.9
377,GPU,14.0,75.0,123.0,3000.0,1175,AMD,2611.0,2611.0,163.2
378,GPU,14.0,150.0,232.0,5700.0,1000,AMD,3960.0,3960.0,247.5
379,GPU,14.0,35.0,210.0,4940.0,300,AMD,3523.0,1761.0,110.1
380,GPU,28.0,50.0,125.0,1550.0,730,AMD,786.4,786.4,49.15
381,GPU,14.0,65.0,123.0,3000.0,1090,AMD,2106.0,2106.0,131.6
382,GPU,12.0,110.0,545.0,13600.0,1110,NVIDIA,15970.0,7987.0,249.6
383,GPU,16.0,150.0,314.0,7200.0,1556,NVIDIA,138.7,8878.0,277.4
384,GPU,14.0,15.0,210.0,4940.0,300,AMD,3584.0,1792.0,112.0
385,GPU,8.0,200.0,392.0,17400.0,1410,NVIDIA,16200.0,16200.0,253.1
386,GPU,28.0,150.0,366.0,5000.0,920,AMD,7537.0,3768.0,235.5
388,GPU,14.0,15.0,210.0,4940.0,300,AMD,3942.0,1971.0,123.2
389,GPU,16.0,150.0,314.0,7200.0,1506,NVIDIA,101.0,6463.0,202.0
390,GPU,14.0,75.0,132.0,3300.0,1354,NVIDIA,29.86,1911.0,59.72
391,GPU,14.0,65.0,103.0,2200.0,925,AMD,1248.0,1248.0,78.02
392,GPU,8.0,80.0,392.0,17400.0,780,NVIDIA,13210.0,13210.0,206.4
393,GPU,14.0,10.0,210.0,4940.0,300,AMD,3331.0,1665.0,104.1
394,GPU,16.0,120.0,314.0,7200.0,1442,NVIDIA,105.3,6738.0,210.6
396,GPU,14.0,50.0,103.0,2200.0,1124,AMD,1240.0,1240.0,77.5
397,GPU,14.0,15.0,210.0,4940.0,300,AMD,845.6,422.8,26.42
399,GPU,14.0,75.0,132.0,3300.0,1000,NVIDIA,22.78,1458.0,45.56
401,GPU,14.0,35.0,210.0,4940.0,300,AMD,3523.0,1761.0,110.1
402,GPU,14.0,50.0,103.0,2200.0,1100,AMD,1211.0,1211.0,75.71
403,GPU,28.0,190.0,366.0,5000.0,918,AMD,3290.0,3290.0,205.6
404,GPU,16.0,80.0,200.0,4400.0,1063,NVIDIA,59.2,3789.0,118.4
405,GPU,16.0,250.0,471.0,11800.0,1405,NVIDIA,189.8,12150.0,379.7
406,GPU,14.0,120.0,232.0,5700.0,926,AMD,4940.0,4940.0,308.7
408,GPU,16.0,105.0,314.0,7200.0,1202,NVIDIA,82.88,5304.0,165.8
409,GPU,14.0,120.0,232.0,5700.0,926,AMD,4322.0,4322.0,270.1
410,GPU,14.0,75.0,132.0,3300.0,1152,NVIDIA,30.98,1983.0,61.97
411,GPU,12.0,50.0,200.0,4700.0,1395,NVIDIA,6390.0,3195.0,99.84
413,GPU,12.0,50.0,200.0,4700.0,1035,NVIDIA,4915.0,2458.0,76.8
414,GPU,7.0,150.0,251.0,10300.0,1130,AMD,12780.0,6390.0,399.4
415,GPU,12.0,110.0,545.0,13600.0,1035,NVIDIA,18980.0,9492.0,296.6
416,GPU,7.0,15.0,156.0,9800.0,400,AMD,1792.0,896.0,56.0
417,GPU,12.0,175.0,232.0,5700.0,1469,AMD,7119.0,7119.0,445.0
418,GPU,14.0,35.0,103.0,2200.0,1124,AMD,1248.0,1248.0,78.02
419,GPU,14.0,50.0,132.0,3300.0,1557,NVIDIA,38.57,2468.0,77.14
420,GPU,12.0,250.0,754.0,18600.0,1350,NVIDIA,26900.0,13450.0,420.2
421,GPU,8.0,220.0,392.0,17400.0,1500,NVIDIA,20310.0,20310.0,317.4
422,GPU,12.0,18.0,200.0,4700.0,420,NVIDIA,5107.0,2554.0,79.8
423,GPU,14.0,35.0,123.0,3000.0,850,AMD,1858.0,1858.0,116.1
424,GPU,14.0,47.0,132.0,3300.0,1354,NVIDIA,22.27,1425.0,44.54
425,GPU,14.0,50.0,103.0,2200.0,1100,AMD,1505.0,1505.0,94.08
427,GPU,12.0,65.0,445.0,10800.0,1005,NVIDIA,11980.0,5990.0,187.2
